Domain,Registrar,Updated Date,Creation Date,Expiration Date
www.bjc.org,"CSC Corporate Domains, Inc.",2022-09-22,1996-09-22,2023-09-21
jobs.bjc.org,"CSC Corporate Domains, Inc.",2022-09-22,1996-09-22,2023-09-21
media.bjc.org,"CSC Corporate Domains, Inc.",2022-09-22,1996-09-22,2023-09-21
doctors.bjc.org,"CSC Corporate Domains, Inc.",2022-09-22,1996-09-22,2023-09-21
onlinepayment.bjc.org,"CSC Corporate Domains, Inc.",2022-09-22,1996-09-22,2023-09-21
classes-events.bjc.org,"CSC Corporate Domains, Inc.",2022-09-22,1996-09-22,2023-09-21
clinicaldesktop.bjc.org,"CSC Corporate Domains, Inc.",2022-09-22,1996-09-22,2023-09-21
interpreterschedule.bjc.org,"CSC Corporate Domains, Inc.",2022-09-22,1996-09-22,2023-09-21
professionals.barnesjewish.org,"CSC Corporate Domains, Inc.",2022-12-09,1999-12-08,2023-12-08
www.bjsph.org,"CSC Corporate Domains, Inc.",2022-10-03,2001-10-02,2023-10-02
bjchcm.carenet.org,"CSC Corporate Domains, Inc.",2022-12-07,1992-12-07,2023-12-06
fmd.gslbdmz1.bjc.org,"CSC Corporate Domains, Inc.",2022-09-22,1996-09-22,2023-09-21
ctxremote.carenet.org,"CSC Corporate Domains, Inc.",2022-12-07,1992-12-07,2023-12-06
slchlabtestguide.bjc.org,"CSC Corporate Domains, Inc.",2022-09-22,1996-09-22,2023-09-21
fmdwustl.gslbdmz.carenet.org,"CSC Corporate Domains, Inc.",2022-12-07,1992-12-07,2023-12-06
