URL,Link Text,Page URL
https://www.bjc.org/coronavirus,"
            https://www.bjc.org/coronavirus",http://www.foundationbarnesjewish.org/
https://www.foundationbarnesjewish.org/Grants,Grants,http://www.foundationbarnesjewish.org/
https://bjc.boardeffect.com/login?destination=%2F&login,Board Portal,http://www.foundationbarnesjewish.org/
http://www.foundationbarnesjewish.org/,,http://www.foundationbarnesjewish.org/
https://www.foundationbarnesjewish.org/About,About,http://www.foundationbarnesjewish.org/
https://www.foundationbarnesjewish.org/About/Board-of-Directors,Board of Directors,http://www.foundationbarnesjewish.org/
https://www.foundationbarnesjewish.org/About/Our-History,Our History,http://www.foundationbarnesjewish.org/
https://www.foundationbarnesjewish.org/About/Publications,Publications,http://www.foundationbarnesjewish.org/
https://www.foundationbarnesjewish.org/About/Our-Team,Our Team,http://www.foundationbarnesjewish.org/
https://www.foundationbarnesjewish.org/About/News,News,http://www.foundationbarnesjewish.org/
http://www.foundationbarnesjewish.org/about/publications,"
                                                Read Now
                                            ",http://www.foundationbarnesjewish.org/
https://www.foundationbarnesjewish.org/Areas-To-Support,Areas To Support,http://www.foundationbarnesjewish.org/
https://www.foundationbarnesjewish.org/Areas-To-Support/Support-Cancer,Cancer,http://www.foundationbarnesjewish.org/
http://www.foundationbarnesjewish.org/Cancer,"
                                                Read Now
                                            ",http://www.foundationbarnesjewish.org/
https://www.foundationbarnesjewish.org/Your-Impact,Your Impact,http://www.foundationbarnesjewish.org/
https://www.foundationbarnesjewish.org/How-to-Give,How to Give,http://www.foundationbarnesjewish.org/
https://support.bjc.org/site/Donation2?df_id=1540&mfc_pref=T&1540.donation=form1&pw_id=1541,Give Now,http://www.foundationbarnesjewish.org/
http://barnesjewish.planmylegacy.org,Planned Giving,http://www.foundationbarnesjewish.org/
https://foundationbarnesjewish.careasy.org/home,Donate Your Car,http://www.foundationbarnesjewish.org/
https://www.foundationbarnesjewish.org/How-to-Give/Honor-and-Memorial-Giving,Honor and Memorial Giving,http://www.foundationbarnesjewish.org/
https://barnesjewish.planmylegacy.org/donor-advised-funds,Donor-Advised Fund Giving,http://www.foundationbarnesjewish.org/
https://www.foundationbarnesjewish.org/How-to-Give/Employer-Matching-Gifts,Employer Matching Gifts,http://www.foundationbarnesjewish.org/
https://www.foundationbarnesjewish.org/How-to-Give/Cornerstone-Society,Cornerstone Society,http://www.foundationbarnesjewish.org/
https://www.foundationbarnesjewish.org/Employee-Payroll-Deductions,Employee Payroll Deductions,http://www.foundationbarnesjewish.org/
https://www.foundationbarnesjewish.org/How-to-Give/NAP-Tax-Credits,NAP Tax Credits,http://www.foundationbarnesjewish.org/
https://www.foundationbarnesjewish.org/How-to-Give/FAQs,FAQs,http://www.foundationbarnesjewish.org/
http://www.foundationbarnesjewish.org/how-to-give/honor-and-memorial-giving,"
                                                Read Now
                                            ",http://www.foundationbarnesjewish.org/
https://www.foundationbarnesjewish.org/Events,Events,http://www.foundationbarnesjewish.org/
https://www.foundationbarnesjewish.org/Contact-Us,Contact Us,http://www.foundationbarnesjewish.org/
http://www.foundationbarnesjewish.org/how-to-give/give-now,,http://www.foundationbarnesjewish.org/
https://www.foundationbarnesjewish.org/Portals/0/Giving2022v2web_smaller.pdf?ver=2022-11-07-133446-233,"
                            Read More
                          ",http://www.foundationbarnesjewish.org/
https://www.foundationbarnesjewish.org/Cancer,"
                            Read More
                          ",http://www.foundationbarnesjewish.org/
https://fbjh.kudoboard.com/boards/1aDURXZ2,"
                            Share Your Story
                          ",http://www.foundationbarnesjewish.org/
https://www.bjchospice.org/support-hospice,"
                            Learn More
                          ",http://www.foundationbarnesjewish.org/
http://www.foundationbarnesjewish.org/events/illumination-gala,,http://www.foundationbarnesjewish.org/
http://www.foundationbarnesjewish.org/How-to-Give/FAQs,,http://www.foundationbarnesjewish.org/
https://barnesjewish.planmylegacy.org/,,http://www.foundationbarnesjewish.org/
https://www.facebook.com/FoundationBarnesJewish/,,http://www.foundationbarnesjewish.org/
https://www.youtube.com/channel/UC-NOev7kRNpPqwjf6UmWztA,,http://www.foundationbarnesjewish.org/
https://www.instagram.com/foundationbarnesjewish/,,http://www.foundationbarnesjewish.org/
https://www.linkedin.com/company/foundation-barnes-jewish/,,http://www.foundationbarnesjewish.org/
http://www.foundationbarnesjewish.org/privacy,Privacy,http://www.foundationbarnesjewish.org/
http://www.foundationbarnesjewish.org/sitemaps,Sitemap,http://www.foundationbarnesjewish.org/
http://www.bjc.org,,http://www.foundationbarnesjewish.org/
http://www.foundationbarnesjewish.org/Heroes-in-Training-Scholarship-Fund,,http://www.foundationbarnesjewish.org/Heroes-in-Training-Scholarship-Fund
https://support.bjc.org/site/Donation2?df_id=1780&mfc_pref=T&1780.donation=form1&utm_source=multiple-sources&utm_medium=multiple-mediums&utm_campaign=foundation&utm_content=goldfarb,give online,http://www.foundationbarnesjewish.org/Heroes-in-Training-Scholarship-Fund
http://www.foundationbarnesjewish.org/Support-Covid-19-Rapid-Response,,http://www.foundationbarnesjewish.org/Support-Covid-19-Rapid-Response
http://www.foundationbarnesjewish.org/How-to-Give/give-now-covid-19,"
              Support Covid-19 Response And Recovery
            ",http://www.foundationbarnesjewish.org/Support-Covid-19-Rapid-Response
https://www.bjc.org/Newsroom/Article/ArtMID/5522/ArticleID/4598/COVID-19-Vaccine-Is-the-vaccine-safe-and-more-questions-answered,here,http://www.foundationbarnesjewish.org/Support-Covid-19-Rapid-Response
https://www.bjc.org/coronavirus/donations,here,http://www.foundationbarnesjewish.org/Support-Covid-19-Rapid-Response
http://www.foundationbarnesjewish.org/Schwendinger-Kahn-Challenge,,http://www.foundationbarnesjewish.org/Schwendinger-Kahn-Challenge
http://www.foundationbarnesjewish.org/Search-Results,,http://www.foundationbarnesjewish.org/Search-Results
http://www.foundationbarnesjewish.org/Search-Results#byRelevance,Relevance,http://www.foundationbarnesjewish.org/Search-Results
http://www.foundationbarnesjewish.org/Search-Results#byDate,Date,http://www.foundationbarnesjewish.org/Search-Results
http://www.foundationbarnesjewish.org/Sitemaps,,http://www.foundationbarnesjewish.org/Sitemaps
https://www.foundationbarnesjewish.org/,,http://www.foundationbarnesjewish.org/Sitemaps
https://www.barnesjewish.org/Legal,,http://www.foundationbarnesjewish.org/Sitemaps
https://www.foundationbarnesjewish.org/Events/Illumination-Gala,,http://www.foundationbarnesjewish.org/Sitemaps
https://www.foundationbarnesjewish.org/How-to-Give/Give-Now,,http://www.foundationbarnesjewish.org/Sitemaps
http://www.foundationbarnesjewish.org/Areas-To-Support,,http://www.foundationbarnesjewish.org/Areas-To-Support
http://www.foundationbarnesjewish.org/your-impact,make a difference,http://www.foundationbarnesjewish.org/Areas-To-Support
http://www.foundationbarnesjewish.org/Your-Impact,,http://www.foundationbarnesjewish.org/Your-Impact
https://www.foundationbarnesjewish.org/your-impact/future-of-nursing,,http://www.foundationbarnesjewish.org/Your-Impact
https://www.foundationbarnesjewish.org/Events/Frontier-Night-2023,,http://www.foundationbarnesjewish.org/Your-Impact
https://www.foundationbarnesjewish.org/Your-Impact/phil-dehner,,http://www.foundationbarnesjewish.org/Your-Impact
https://www.foundationbarnesjewish.org/Your-Impact/Shana-Baldwin,,http://www.foundationbarnesjewish.org/Your-Impact
https://www.foundationbarnesjewish.org/Events/Chair-Installation-of-Tsuyoshi-Kaneko,,http://www.foundationbarnesjewish.org/Your-Impact
https://www.foundationbarnesjewish.org/Events/Leading-Edge-Medicine-The-Journeys-of-Birthing-and-Dying,,http://www.foundationbarnesjewish.org/Your-Impact
https://www.foundationbarnesjewish.org/Events/Leading-Edge-Nursing-Precision-Nursing,,http://www.foundationbarnesjewish.org/Your-Impact
https://www.foundationbarnesjewish.org/leading-edge-medicine-reducing-kidney-discard-rate-virtual,,http://www.foundationbarnesjewish.org/Your-Impact
https://www.foundationbarnesjewish.org/Events/Frontier-Night-2022-Virtual,,http://www.foundationbarnesjewish.org/Your-Impact
http://www.foundationbarnesjewish.org/Portals/0/adam/Content/pxQv5X05vUiRNNfN4URNsQ/Link/Evelyn's House Anniversary from Giving_Magazine_2022_Issue1.pdf,,http://www.foundationbarnesjewish.org/Your-Impact
https://www.foundationbarnesjewish.org/Events/Legacy-Circle-Celebration-2022,,http://www.foundationbarnesjewish.org/Your-Impact
https://www.foundationbarnesjewish.org/Events/Leading-Edge-Medicine-Transitioning-from-Pandemic-to-Endemic,,http://www.foundationbarnesjewish.org/Your-Impact
https://www.foundationbarnesjewish.org/events/Chair-Installation-Maria-Majella-Doyle,,http://www.foundationbarnesjewish.org/Your-Impact
https://www.foundationbarnesjewish.org/events/leading-edge-nursing,,http://www.foundationbarnesjewish.org/Your-Impact
https://www.foundationbarnesjewish.org/events/scholarship-donor-appreciation-evening,,http://www.foundationbarnesjewish.org/Your-Impact
http://www.foundationbarnesjewish.org/Your-Impact/Keith-Hardy-and-Jenni-Huddleston1,,http://www.foundationbarnesjewish.org/Your-Impact
http://www.foundationbarnesjewish.org/Your-Impact/Alexander-Sandy-Schonwald,,http://www.foundationbarnesjewish.org/Your-Impact
http://www.foundationbarnesjewish.org/Your-Impact/Nancy-Ridenour-PhD-APRN-FAAN,,http://www.foundationbarnesjewish.org/Your-Impact
http://www.foundationbarnesjewish.org/Your-Impact/Provident-Behavioral-Health,,http://www.foundationbarnesjewish.org/Your-Impact
http://www.foundationbarnesjewish.org/Your-Impact/Vellore-Gopal-Gopalaratnam,,http://www.foundationbarnesjewish.org/Your-Impact
http://www.foundationbarnesjewish.org/Your-Impact/Amy-Kalishman,,http://www.foundationbarnesjewish.org/Your-Impact
http://www.foundationbarnesjewish.org/your-impact/stafford-manion,,http://www.foundationbarnesjewish.org/Your-Impact
https://www.foundationbarnesjewish.org/Your-Impact/Justin-Willman,,http://www.foundationbarnesjewish.org/Your-Impact
http://www.foundationbarnesjewish.org/Events/Frontier-Night,,http://www.foundationbarnesjewish.org/Your-Impact
http://www.foundationbarnesjewish.org/Events/Chair-Installation-of-Justin-M-Sacks-MD-MBA-FACS,,http://www.foundationbarnesjewish.org/Your-Impact
http://www.foundationbarnesjewish.org/Events/Leading-Edge-Medicine-A-Heart-to-Heart-with-Ralph-Damiano-MD,,http://www.foundationbarnesjewish.org/Your-Impact
http://www.foundationbarnesjewish.org/Your-Impact/Valen-Keefer,,http://www.foundationbarnesjewish.org/Your-Impact
https://www.foundationbarnesjewish.org/Your-Impact/connie-schneider,,http://www.foundationbarnesjewish.org/Your-Impact
http://www.foundationbarnesjewish.org/Your-Impact/greg-stubblefield,,http://www.foundationbarnesjewish.org/Your-Impact
http://www.foundationbarnesjewish.org/Your-Impact/Generous-Donation-of-iPads-Keeps-Families-Connected,,http://www.foundationbarnesjewish.org/Your-Impact
http://www.foundationbarnesjewish.org/Your-Impact/Jason-Bruenderman,,http://www.foundationbarnesjewish.org/Your-Impact
http://www.foundationbarnesjewish.org/Your-Impact/Hospital-to-Housing,,http://www.foundationbarnesjewish.org/Your-Impact
http://www.foundationbarnesjewish.org/Your-Impact/Randy-Jotte-MD,,http://www.foundationbarnesjewish.org/Your-Impact
http://www.foundationbarnesjewish.org/Your-Impact/Charles-and-Rosalyn-Lowenhaupt,,http://www.foundationbarnesjewish.org/Your-Impact
http://www.foundationbarnesjewish.org/Your-Impact/Jonathan-Deutsch,,http://www.foundationbarnesjewish.org/Your-Impact
http://www.foundationbarnesjewish.org/Your-Impact/Paul-Koch,,http://www.foundationbarnesjewish.org/Your-Impact
http://www.foundationbarnesjewish.org/Your-Impact/Alaina-Macia,,http://www.foundationbarnesjewish.org/Your-Impact
http://www.foundationbarnesjewish.org/Your-Impact/Understanding-COVID-19,,http://www.foundationbarnesjewish.org/Your-Impact
http://www.foundationbarnesjewish.org/Your-Impact/Gloria-and-Sanford-Spitzer,,http://www.foundationbarnesjewish.org/Your-Impact
http://www.foundationbarnesjewish.org/Your-Impact/Matt-Matthews,,http://www.foundationbarnesjewish.org/Your-Impact
http://www.foundationbarnesjewish.org/Your-Impact/Kevin-Leahy,,http://www.foundationbarnesjewish.org/Your-Impact
http://www.foundationbarnesjewish.org/Your-Impact/Sam-Chism,,http://www.foundationbarnesjewish.org/Your-Impact
http://www.foundationbarnesjewish.org/Your-Impact/Leading-Edge-Medicine-Ethics-Through-the-Looking-Glass,,http://www.foundationbarnesjewish.org/Your-Impact
http://www.foundationbarnesjewish.org/Your-Impact/Therapy-Dogs-Add-a-Special-Touch,,http://www.foundationbarnesjewish.org/Your-Impact
http://www.foundationbarnesjewish.org/Your-Impact/Mike-Malone,,http://www.foundationbarnesjewish.org/Your-Impact
http://www.foundationbarnesjewish.org/your-impact/leading-edge-nursing,,http://www.foundationbarnesjewish.org/Your-Impact
http://www.foundationbarnesjewish.org/Your-Impact/Lisa-Westfield,,http://www.foundationbarnesjewish.org/Your-Impact
http://www.foundationbarnesjewish.org/Your-Impact/Nancy-Carroll-Allen-and-Nik-Meggos,,http://www.foundationbarnesjewish.org/Your-Impact
http://www.foundationbarnesjewish.org/Your-Impact/Meet-Barclay-the-St-Louis-Blues-Dog,,http://www.foundationbarnesjewish.org/Your-Impact
http://www.foundationbarnesjewish.org/Your-Impact/Defying-the-Lung-Transplant-Odds,,http://www.foundationbarnesjewish.org/Your-Impact
http://www.foundationbarnesjewish.org/Your-Impact/Addiction-Medicine-and-the-Opioid-Crisis,,http://www.foundationbarnesjewish.org/Your-Impact
http://www.foundationbarnesjewish.org/your-impact/my-sisters-garden-at-evelyns-house,,http://www.foundationbarnesjewish.org/Your-Impact
http://www.foundationbarnesjewish.org/Your-Impact/Lee-Wielansky,,http://www.foundationbarnesjewish.org/Your-Impact
http://www.foundationbarnesjewish.org/your-impact/susie-sachs,,http://www.foundationbarnesjewish.org/Your-Impact
http://www.foundationbarnesjewish.org/Your-Impact/Growing-Human-Joint-Replacements-in-the-Lab,,http://www.foundationbarnesjewish.org/Your-Impact
http://www.foundationbarnesjewish.org/Your-Impact/Sharon-Baker,,http://www.foundationbarnesjewish.org/Your-Impact
http://www.foundationbarnesjewish.org/Your-Impact/Ira-Kodner,,http://www.foundationbarnesjewish.org/Your-Impact
http://www.foundationbarnesjewish.org/Your-Impact/Ron-and-Deb-Cizek,,http://www.foundationbarnesjewish.org/Your-Impact
http://www.foundationbarnesjewish.org/Your-Impact/Ken-Steinback,,http://www.foundationbarnesjewish.org/Your-Impact
http://www.foundationbarnesjewish.org/Your-Impact/Otto-and-Konnie-Reiter,,http://www.foundationbarnesjewish.org/Your-Impact
http://www.foundationbarnesjewish.org/Your-Impact/Phillip-Cuculich-MD-and-Clifford-Robinson-MD,,http://www.foundationbarnesjewish.org/Your-Impact
http://www.foundationbarnesjewish.org/Your-Impact/David-Holtzman-MD-and-Jeffrey-Mildbrandt-MD,,http://www.foundationbarnesjewish.org/Your-Impact
http://www.foundationbarnesjewish.org/Your-Impact/pat-and-jim-pape,,http://www.foundationbarnesjewish.org/Your-Impact
http://www.foundationbarnesjewish.org/Your-Impact/Rich-Merli,,http://www.foundationbarnesjewish.org/Your-Impact
http://www.foundationbarnesjewish.org/your-impact/masina-scavuzzo,,http://www.foundationbarnesjewish.org/Your-Impact
http://www.foundationbarnesjewish.org/Your-Impact/Damien-Nevels,,http://www.foundationbarnesjewish.org/Your-Impact
http://www.foundationbarnesjewish.org/Your-Impact/Students-at-Goldfarb-School-of-Nursing-at-Barnes-Jewish-College,,http://www.foundationbarnesjewish.org/Your-Impact
http://www.foundationbarnesjewish.org/Your-Impact/Ed-and-Marge-St-John,,http://www.foundationbarnesjewish.org/Your-Impact
http://www.foundationbarnesjewish.org/Your-Impact/Zakhari-Snow-and-Anna-Harris,,http://www.foundationbarnesjewish.org/Your-Impact
http://www.foundationbarnesjewish.org/Your-Impact/Morgan-Stanley,,http://www.foundationbarnesjewish.org/Your-Impact
http://www.foundationbarnesjewish.org/Your-Impact/Marci-Boyer,,http://www.foundationbarnesjewish.org/Your-Impact
http://www.foundationbarnesjewish.org/Your-Impact/Lynn-Yu,,http://www.foundationbarnesjewish.org/Your-Impact
http://www.foundationbarnesjewish.org/Your-Impact/Lizzie-ONeill,,http://www.foundationbarnesjewish.org/Your-Impact
http://www.foundationbarnesjewish.org/Your-Impact/Rick-Lindquist,,http://www.foundationbarnesjewish.org/Your-Impact
http://www.foundationbarnesjewish.org/your-impact/leisa-zigman,,http://www.foundationbarnesjewish.org/Your-Impact
http://www.foundationbarnesjewish.org/your-impact/ryan-fields-md,,http://www.foundationbarnesjewish.org/Your-Impact
http://www.foundationbarnesjewish.org/Your-Impact/Katherine-Fuh-MD-PhD-and-Greg-Longmore-MD,,http://www.foundationbarnesjewish.org/Your-Impact
http://www.foundationbarnesjewish.org/Your-Impact/Lannis-Hall-MD-MPH,,http://www.foundationbarnesjewish.org/Your-Impact
http://www.foundationbarnesjewish.org/your-impact/tim-eberlein-md/,,http://www.foundationbarnesjewish.org/Your-Impact
http://www.foundationbarnesjewish.org/Your-Impact/Empowering-Lives-Through-Innovation,,http://www.foundationbarnesjewish.org/Your-Impact
http://www.foundationbarnesjewish.org/your-impact/julie-greichunos,,http://www.foundationbarnesjewish.org/Your-Impact
http://www.foundationbarnesjewish.org/Your-Impact/Allen-Kreke-and-Jim-Svoboda,,http://www.foundationbarnesjewish.org/Your-Impact
http://www.foundationbarnesjewish.org/your-impact/sonja-and-robert-willman,,http://www.foundationbarnesjewish.org/Your-Impact
https://www.foundationbarnesjewish.org/Your-Impact/Penny-Bari,,http://www.foundationbarnesjewish.org/Your-Impact
http://www.foundationbarnesjewish.org/your-impact/jerry-caulder,,http://www.foundationbarnesjewish.org/Your-Impact
http://www.foundationbarnesjewish.org/your-impact/mark-kodner,,http://www.foundationbarnesjewish.org/Your-Impact
http://www.foundationbarnesjewish.org/your-impact/tony-thompson,,http://www.foundationbarnesjewish.org/Your-Impact
https://www.foundationbarnesjewish.org/Your-Impact/Paul-Ripley,,http://www.foundationbarnesjewish.org/Your-Impact
https://www.foundationbarnesjewish.org/Your-Impact/William-Hawkins-MD,,http://www.foundationbarnesjewish.org/Your-Impact
https://www.foundationbarnesjewish.org/your-impact/jennifer-hillman,,http://www.foundationbarnesjewish.org/Your-Impact
https://www.foundationbarnesjewish.org/Your-Impact/Bree-McBride-RN-BSN,,http://www.foundationbarnesjewish.org/Your-Impact
https://www.foundationbarnesjewish.org/isaac-butler-pharmd,,http://www.foundationbarnesjewish.org/Your-Impact
https://www.foundationbarnesjewish.org/hannah-marchbanks,,http://www.foundationbarnesjewish.org/Your-Impact
https://www.foundationbarnesjewish.org/patrick-white-md,,http://www.foundationbarnesjewish.org/Your-Impact
https://www.foundationbarnesjewish.org/rick-pfarr,,http://www.foundationbarnesjewish.org/Your-Impact
http://www.foundationbarnesjewish.org/your-impact/abbey-cleveland,,http://www.foundationbarnesjewish.org/Your-Impact
https://www.foundationbarnesjewish.org/Your-Impact/Todd-and-Sue-Greiner,,http://www.foundationbarnesjewish.org/Your-Impact
https://www.foundationbarnesjewish.org/ramaswamy-govindan-md,,http://www.foundationbarnesjewish.org/Your-Impact
https://www.foundationbarnesjewish.org/Your-Impact/Kacey-Hampton,,http://www.foundationbarnesjewish.org/Your-Impact
https://www.foundationbarnesjewish.org/olive-gray-emmert-coe,,http://www.foundationbarnesjewish.org/Your-Impact
https://www.foundationbarnesjewish.org/melvin-blanchard-md,,http://www.foundationbarnesjewish.org/Your-Impact
https://www.foundationbarnesjewish.org/mary-schoolman,,http://www.foundationbarnesjewish.org/Your-Impact
https://www.foundationbarnesjewish.org/john-morris-md,,http://www.foundationbarnesjewish.org/Your-Impact
https://www.foundationbarnesjewish.org/jamie-corley,,http://www.foundationbarnesjewish.org/Your-Impact
https://www.foundationbarnesjewish.org/erica-griffin,,http://www.foundationbarnesjewish.org/Your-Impact
https://www.foundationbarnesjewish.org/brenda-ernst,,http://www.foundationbarnesjewish.org/Your-Impact
https://www.foundationbarnesjewish.org/bob-and-casey-obrien,,http://www.foundationbarnesjewish.org/Your-Impact
https://www.foundationbarnesjewish.org/Your-Impact/Alvin-Siteman,,http://www.foundationbarnesjewish.org/Your-Impact
https://www.foundationbarnesjewish.org/Your-Impact/Mark-and-Jane-Harrington,,http://www.foundationbarnesjewish.org/Your-Impact
https://www.foundationbarnesjewish.org/Your-Impact/Ellen-Caroll,,http://www.foundationbarnesjewish.org/Your-Impact
http://www.foundationbarnesjewish.org/How-to-Give,,http://www.foundationbarnesjewish.org/How-to-Give
http://www.foundationbarnesjewish.org/areas-to-support,intended area,http://www.foundationbarnesjewish.org/How-to-Give
http://www.foundationbarnesjewish.org/about/our-team,contact our team,http://www.foundationbarnesjewish.org/How-to-Give
http://www.foundationbarnesjewish.org/cdn-cgi/l/email-protection#33545a455a5d545152415d56405956445a405b735159501d5c4154,[email protected],http://www.foundationbarnesjewish.org/How-to-Give
http://www.foundationbarnesjewish.org/cdn-cgi/l/email-protection#5436263d2020353a2d7a32352639312614363e377a3b2633,[email protected],http://www.foundationbarnesjewish.org/How-to-Give
http://www.foundationbarnesjewish.org/How-to-Give/Donor-Advised-Fund-Giving,here,http://www.foundationbarnesjewish.org/How-to-Give
http://www.foundationbarnesjewish.org/how-to-give/matching-gifts,Search our database,http://www.foundationbarnesjewish.org/How-to-Give
http://www.foundationbarnesjewish.org/Events,,http://www.foundationbarnesjewish.org/Events
http://www.foundationbarnesjewish.org/cdn-cgi/l/email-protection#1b5d746e757f7a6f7274757d74695951535b7971783574697c35,[email protected],http://www.foundationbarnesjewish.org/Events
https://www.foundationbarnesjewish.org/Events/Legacy-Circle-Celebration-2023,"
          Learn More
        ",http://www.foundationbarnesjewish.org/Events
https://www.foundationbarnesjewish.org/Events/Leading-Edge-Medicine-Dr-Prabhu,"
          Learn More
        ",http://www.foundationbarnesjewish.org/Events
http://www.foundationbarnesjewish.org/Contact-Us,,http://www.foundationbarnesjewish.org/Contact-Us
http://www.foundationbarnesjewish.org/About/Our-Team,Our Team,http://www.foundationbarnesjewish.org/Contact-Us
http://www.foundationbarnesjewish.org/cdn-cgi/l/email-protection#16517f607f78715477647873655c73617f657e56747c7538796471,[email protected],http://www.foundationbarnesjewish.org/Contact-Us
http://www.foundationbarnesjewish.org/Grants,,http://www.foundationbarnesjewish.org/Grants
http://www.foundationbarnesjewish.org/grants/noa-changes,Grant and NOA Changes ,http://www.foundationbarnesjewish.org/Grants
http://spectrum.bjc.org/bjh, Grant Opportunity Web Portal,http://www.foundationbarnesjewish.org/Grants
http://www.foundationbarnesjewish.org/cdn-cgi/l/email-protection#a3e5e1e9ebfce4d1c2cdd7d0e3c1c9c08dccd1c4,[email protected],http://www.foundationbarnesjewish.org/Grants
http://www.foundationbarnesjewish.org/Tell-us-your-story,,http://www.foundationbarnesjewish.org/Tell-us-your-story
http://support.bjc.org/site/Donation2?df_id=1681&mfc_pref=T&1681.donation=form1,Give Now,http://www.foundationbarnesjewish.org/Cancer
https://youtu.be/kzlNiHEe22o,,http://www.foundationbarnesjewish.org/Cancer
https://www.youtube.com/watch?v=S_YqlcWAFR0,,http://www.foundationbarnesjewish.org/Cancer
https://youtu.be/qAUorPG48eM,,http://www.foundationbarnesjewish.org/Cancer
https://www.youtube.com/watch?v=JlJbgj4MphY,,http://www.foundationbarnesjewish.org/Cancer
https://youtu.be/Bm56JXVURXo,,http://www.foundationbarnesjewish.org/Cancer
http://www.foundationbarnesjewish.org/Your-Impact/connie-schneider, ,http://www.foundationbarnesjewish.org/Cancer
http://www.foundationbarnesjewish.org/Portals/_default/Skins/FoundationBJH/pdf/SharedStories.pdf, ,http://www.foundationbarnesjewish.org/Cancer
http://www.foundationbarnesjewish.org/Your-Impact/leisa-zigman,,http://www.foundationbarnesjewish.org/Cancer
https://www.foundationbarnesjewish.org/Cancer/PID/3448/evl/0/CategoryID/3/CategoryName/Cancer,Cancer,http://www.foundationbarnesjewish.org/Cancer
https://www.foundationbarnesjewish.org/Cancer/PID/3448/evl/0/CategoryID/5/CategoryName/Breast-Cancer,Breast Cancer,http://www.foundationbarnesjewish.org/Cancer
https://www.foundationbarnesjewish.org/Cancer/PID/3448/evl/0/CategoryID/6/CategoryName/Cancer-Frontier-Fund,Cancer Frontier Fund,http://www.foundationbarnesjewish.org/Cancer
https://www.foundationbarnesjewish.org/Cancer/PID/3448/evl/0/CategoryID/13?CategoryName=Women’s-Oncology,Women’s Oncology,http://www.foundationbarnesjewish.org/Cancer
https://www.foundationbarnesjewish.org/Cancer/PID/3448/evl/0/CategoryID/11/CategoryName/Philanthropy-in-Action,Philanthropy in Action,http://www.foundationbarnesjewish.org/Cancer
http://www.foundationbarnesjewish.org/Cancer#dig-deeper,,http://www.foundationbarnesjewish.org/Cancer
https://www.foundationbarnesjewish.org/Cancer/ArtMID/3448/ArticleID/104/Dr-David-Mutch-Honored-with-2022-Presidents-Achievement-Award,,http://www.foundationbarnesjewish.org/Cancer
https://www.foundationbarnesjewish.org/Cancer/ArtMID/3448/ArticleID/101/From-Co-Workers-to-Pink-Sisters-When-Mission-and-Cancer-Collide,,http://www.foundationbarnesjewish.org/Cancer
https://www.flipbookpdf.net/web/site/9843fa427a2290886f94931a4510948efdff6ba0FBP21797157.pdf.html,,http://www.foundationbarnesjewish.org/Cancer
https://support.bjc.org/site/Donation2?df_id=1900&mfc_pref=T&1900.donation=form1,Give Now,http://www.foundationbarnesjewish.org/Cancer
http://www.foundationbarnesjewish.org/Cancer/Sign-Up,Sign Up,http://www.foundationbarnesjewish.org/Cancer
http://www.foundationbarnesjewish.org/Update,,http://www.foundationbarnesjewish.org/Update
http://www.foundationbarnesjewish.org/Happy-Holidays,,http://www.foundationbarnesjewish.org/Happy-Holidays
http://www.foundationbarnesjewish.org/Join-Our-Team,,http://www.foundationbarnesjewish.org/Join-Our-Team
"https://www.bjc.org/about-us#:~:text=Our%20BJC%20Values,promise%20to%20keep%20you%20safe.",BJC values,http://www.foundationbarnesjewish.org/Join-Our-Team
http://www.foundationbarnesjewish.org/Thank-You,,http://www.foundationbarnesjewish.org/Thank-You
http://www.foundationbarnesjewish.org/cdn-cgi/l/email-protection#bddad4cbd4d3dadfdccfd3d8ced7d8cad4ced5fddfd7de93d2cfda82cec8dfd7d8dec980fad4cbd4d3da988f8dd4d3ccc8d4cfc4,,http://www.foundationbarnesjewish.org/Thank-You
https://nam10.safelinks.protection.outlook.com/?url=https%3A%2F%2Feml-pusa01.app.blackbaud.net%2Fintv2%2Fj%2F46A2F563-8F04-41AC-90D6-ADE49E851B9D%2Fr%2F46A2F563-8F04-41AC-90D6-ADE49E851B9D_E84334DF-6DB7-4A89-8B9A-EED09B0AEC7F%2Fl%2FF42466CD-3133-4B56-B619-1672A44BE6E6%2Fc&data=05%7C01%7Cmelanie.adams%40bjc.org%7Ca50a786f7eb1466a8e3508db37a38614%7C1984aac07e834a2b925df834a5a9cbd4%7C0%7C0%7C638164947690225457%7CUnknown%7CTWFpbGZsb3d8eyJWIjoiMC4wLjAwMDAiLCJQIjoiV2luMzIiLCJBTiI6Ik1haWwiLCJXVCI6Mn0%3D%7C3000%7C%7C%7C&sdata=WNgf4eHAt9PC2BU7o7WXVLwkUgYm35PbGuLpScSQIaU%3D&reserved=0,314-286-0600,http://www.foundationbarnesjewish.org/Thank-You
http://www.foundationbarnesjewish.org/Transform-Health-Care,,http://www.foundationbarnesjewish.org/Transform-Health-Care
http://www.foundationbarnesjewish.org/cdn-cgi/l/email-protection#ef8886998681888d8e9d818a9c858a98869c87af8d858cc1809d88,[email protected],http://www.foundationbarnesjewish.org/Transform-Health-Care
http://www.foundationbarnesjewish.org/Give-Organ-Transplant,,http://www.foundationbarnesjewish.org/Give-Organ-Transplant
http://www.foundationbarnesjewish.org/cdn-cgi/l/email-protection#b1d6d8c7d8dfd6d3d0c3dfd4c2dbd4c6d8c2d9f1d3dbd29fdec3d6,[email protected],http://www.foundationbarnesjewish.org/Give-Organ-Transplant
http://www.foundationbarnesjewish.org/BESt-Giving,,http://www.foundationbarnesjewish.org/BESt-Giving
http://www.foundationbarnesjewish.org/cdn-cgi/l/email-protection#8deae4fbe4e3eaefecffe3e8fee7e8fae4fee5cdefe7eea3e2ffea,[email protected],http://www.foundationbarnesjewish.org/BESt-Giving
http://www.foundationbarnesjewish.org/Home/Footer,,http://www.foundationbarnesjewish.org/Home/Footer
https://www.foundationbarnesjewish.org/Home/Footer,Footer,http://www.foundationbarnesjewish.org/Home/Footer
http://www.foundationbarnesjewish.org/About/Board-of-Directors,,http://www.foundationbarnesjewish.org/About/Board-of-Directors
http://www.foundationbarnesjewish.org/About/Our-History,,http://www.foundationbarnesjewish.org/About/Our-History
http://www.foundationbarnesjewish.org/cdn-cgi/l/email-protection#b8faddcccbc196fcddd6d6d1cbf8dad2db96d7cadf,[email protected],http://www.foundationbarnesjewish.org/About/Our-History
http://barnesjewish.planmylegacy.org/,planned gifts,http://www.foundationbarnesjewish.org/About/Our-History
http://www.foundationbarnesjewish.org/about/board-of-directors,board of directors,http://www.foundationbarnesjewish.org/About/Our-History
http://www.foundationbarnesjewish.org/About/Publications,,http://www.foundationbarnesjewish.org/About/Publications
https://www.foundationbarnesjewish.org/Portals/0/Docs/FBJH_2022_Honor_Roll-oneup.pdf?ver=6oSBBj2RLQUbMWPhYKAwug%3d%3d,,http://www.foundationbarnesjewish.org/About/Publications
https://www.foundationbarnesjewish.org/Portals/0/Docs/Honor_Roll_for_website.pdf,,http://www.foundationbarnesjewish.org/About/Publications
http://www.foundationbarnesjewish.org/Portals/0/adam/Content/N2XLcd7MMkCWceJKEnGq8g/Link/FBJH_Honor_Roll_2020_03.05.21 Final.pdf,,http://www.foundationbarnesjewish.org/About/Publications
http://www.foundationbarnesjewish.org/Portals/0/adam/Content/dgJmrqbMZke4JBIridtRkA/Link/28292_BJF1922_Honor Roll_pages-web[1].pdf,,http://www.foundationbarnesjewish.org/About/Publications
http://www.foundationbarnesjewish.org/Portals/0/adam/Content/I2zb2RDPo0SQK6N3bGU2Ag/Link/2018 Donor Honor Roll.pdf,,http://www.foundationbarnesjewish.org/About/Publications
http://www.foundationbarnesjewish.org/Portals/0/adam/Content/En3nDbJ5B0GYHM2QdtbJ6w/Link/2017 Donor Honor Roll.pdf,,http://www.foundationbarnesjewish.org/About/Publications
http://www.foundationbarnesjewish.org/Portals/0/adam/Content/ph4EGANK0E-S0tKE8RoAeA/Link/Giving_Magazine_2022_Issue1_v5 small.pdf,,http://www.foundationbarnesjewish.org/About/Publications
http://www.foundationbarnesjewish.org/Portals/0/adam/Content/o4SCHBlliEC8UP-9uQ6qVw/Link/Giving_Magazine_2021_Issue 2_website with cover.pdf,,http://www.foundationbarnesjewish.org/About/Publications
http://www.foundationbarnesjewish.org/Portals/0/adam/Content/XgQusRnmuUu3NASnHpq6lw/Link/Giving_Magazine_2021_Issue1_10_05.21.21.pdf,,http://www.foundationbarnesjewish.org/About/Publications
http://www.foundationbarnesjewish.org/Portals/0/adam/Content/8Ew1kW49Qk-gE4fX3ESF9Q/Link/31190_Giving_Magazine_Fall_2020.pdf,,http://www.foundationbarnesjewish.org/About/Publications
http://www.foundationbarnesjewish.org/Portals/0/adam/Content/6kVKoQPiNEifpesgyLhhlw/Link/2023_Spring_Legacy_Newsletter.pdf,,http://www.foundationbarnesjewish.org/About/Publications
https://www.foundationbarnesjewish.org/Portals/0/Legacy%20Newsletter%20for%20Website%20Fall%202022.pdf?ver=2022-10-27-110548-320,,http://www.foundationbarnesjewish.org/About/Publications
http://www.foundationbarnesjewish.org/Portals/0/adam/Content/c1Et7DFXikSN1LK_cOwefQ/Link/Legacy Newsletter-for Website.pdf,,http://www.foundationbarnesjewish.org/About/Publications
http://www.foundationbarnesjewish.org/Portals/0/adam/Content/1FhLUtq_q0qXbuu59IlwAQ/Link/Legacy Newsletter-McKillop Serandos.pdf,,http://www.foundationbarnesjewish.org/About/Publications
http://www.foundationbarnesjewish.org/Portals/0/adam/Content/yAJ5RalkWUSq_ij8paiEYg/Link/Legacy Newsletter - Spring 2021.pdf,,http://www.foundationbarnesjewish.org/About/Publications
http://www.barnesjewish.org/curiosus,,http://www.foundationbarnesjewish.org/About/Publications
http://www.foundationbarnesjewish.org/cdn-cgi/l/email-protection#02517771636c2c476e6e426068612c6d7065,[email protected],http://www.foundationbarnesjewish.org/About/Our-Team
http://www.foundationbarnesjewish.org/cdn-cgi/l/email-protection#d89daab1bbf69ab9aab3b4bda198bab2bbf6b7aabf,[email protected],http://www.foundationbarnesjewish.org/About/Our-Team
http://www.foundationbarnesjewish.org/cdn-cgi/l/email-protection#0845697a7126406d666c7a616b637b486a626b26677a6f,[email protected],http://www.foundationbarnesjewish.org/About/Our-Team
http://www.foundationbarnesjewish.org/cdn-cgi/l/email-protection#02416376706761672c5176706b61696e636c66426068612c6d7065,[email protected],http://www.foundationbarnesjewish.org/About/Our-Team
http://www.foundationbarnesjewish.org/cdn-cgi/l/email-protection#1b5f74757a777f35596e7870757e695b7971783574697c,[email protected],http://www.foundationbarnesjewish.org/About/Our-Team
http://www.foundationbarnesjewish.org/cdn-cgi/l/email-protection#95dffaf4fbbbd6fdf0f4fbf0ecd5f7fff6bbfae7f2,[email protected],http://www.foundationbarnesjewish.org/About/Our-Team
http://www.foundationbarnesjewish.org/cdn-cgi/l/email-protection#6333020e060f024d27060e1310080a230109004d0c1104,[email protected],http://www.foundationbarnesjewish.org/About/Our-Team
http://www.foundationbarnesjewish.org/cdn-cgi/l/email-protection#c183b3a8b5b5a0afb8ef87a0b3aca4b381a3aba2efaeb3a6,[email protected],http://www.foundationbarnesjewish.org/About/Our-Team
http://www.foundationbarnesjewish.org/cdn-cgi/l/email-protection#307a51535c495e1e634455475142446344425f44585d515e5e70525a531e5f4257,[email protected],http://www.foundationbarnesjewish.org/About/Our-Team
http://www.foundationbarnesjewish.org/cdn-cgi/l/email-protection#551439393c263a3b7b053a20393c3b15373f367b3a2732,[email protected],http://www.foundationbarnesjewish.org/About/Our-Team
http://www.foundationbarnesjewish.org/cdn-cgi/l/email-protection#622e0b0c0611071b4c360b11010a0710220008014c0d1005,[email protected],http://www.foundationbarnesjewish.org/About/Our-Team
http://www.foundationbarnesjewish.org/cdn-cgi/l/email-protection#1e5477727230496c7779766a5e7c747d30716c79,[email protected],http://www.foundationbarnesjewish.org/About/Our-Team
http://www.foundationbarnesjewish.org/cdn-cgi/l/email-protection#85cfe0ebebece3e0f7abc7e4ece9e0fcb7c5e7efe6abeaf7e2,[email protected],http://www.foundationbarnesjewish.org/About/Our-Team
http://www.foundationbarnesjewish.org/cdn-cgi/l/email-protection#f4b1999995dab6958d989d87b4969e97da9b8693,[email protected],http://www.foundationbarnesjewish.org/About/Our-Team
http://www.foundationbarnesjewish.org/cdn-cgi/l/email-protection#4c082d3b22620e232338240c2e262f62233e2b,[email protected],http://www.foundationbarnesjewish.org/About/Our-Team
http://www.foundationbarnesjewish.org/cdn-cgi/l/email-protection#a0f3c1d2c1c88ee3cfd7c1d2d4e0c2cac38ecfd2c7,[email protected],http://www.foundationbarnesjewish.org/About/Our-Team
http://www.foundationbarnesjewish.org/cdn-cgi/l/email-protection#a9edccc7c0dacc87ecdbd9ccc7cbc8cac1e9cbc3ca87c6dbce,[email protected],http://www.foundationbarnesjewish.org/About/Our-Team
http://www.foundationbarnesjewish.org/cdn-cgi/l/email-protection#bcf1ddced9d292f0d9d3d2ddced8fcded6df92d3cedb,[email protected],http://www.foundationbarnesjewish.org/About/Our-Team
http://www.foundationbarnesjewish.org/cdn-cgi/l/email-protection#d190a4a5a4bcbfff9dbebfb691b3bbb2ffbea3b6,[email protected],http://www.foundationbarnesjewish.org/About/Our-Team
http://www.foundationbarnesjewish.org/cdn-cgi/l/email-protection#d59fb0a6a6bcb6b4fb87baa2bab9b195b7bfb6fbbaa7b2,[email protected],http://www.foundationbarnesjewish.org/About/Our-Team
http://www.foundationbarnesjewish.org/cdn-cgi/l/email-protection#b6f4c4d9d9ddd398e1dfdadadfd7dbc584f6d4dcd598d9c4d1,[email protected],http://www.foundationbarnesjewish.org/About/Our-Team
http://www.foundationbarnesjewish.org/cdn-cgi/l/email-protection#763b131a17181f13583712171b0536141c1558190411,[email protected],http://www.foundationbarnesjewish.org/About/Our-Team
http://www.foundationbarnesjewish.org/cdn-cgi/l/email-protection#f3a19a8984929dddb29f8ab3919990dd9c8194,[email protected],http://www.foundationbarnesjewish.org/About/Our-Team
http://www.foundationbarnesjewish.org/cdn-cgi/l/email-protection#8cdfe4ede2e2e3e2a2c4edf5e9ffbfcceee6efa2e3feeb,[email protected],http://www.foundationbarnesjewish.org/About/Our-Team
http://www.foundationbarnesjewish.org/cdn-cgi/l/email-protection#5f143e2b37333a3a3171123c3b3a2d32302b2b1f3d353c71302d38,[email protected],http://www.foundationbarnesjewish.org/About/Our-Team
http://www.foundationbarnesjewish.org/cdn-cgi/l/email-protection#236f4251515a0d73515a634149400d4c5144,[email protected],http://www.foundationbarnesjewish.org/About/Our-Team
http://www.foundationbarnesjewish.org/cdn-cgi/l/email-protection#6f2e020e010b0e41380e0800010a1d2f0d050c41001d08,[email protected],http://www.foundationbarnesjewish.org/About/Our-Team
http://www.foundationbarnesjewish.org/cdn-cgi/l/email-protection#c288a3aca7b6ec88a3a1a9b1adacef93b7a3b0aea7b182a0a8a1ecadb0a5,[email protected],http://www.foundationbarnesjewish.org/About/Our-Team
http://www.foundationbarnesjewish.org/cdn-cgi/l/email-protection#df8bbaadb6f192bebcb49fbdb5bcf1b0adb8,[email protected],http://www.foundationbarnesjewish.org/About/Our-Team
http://www.foundationbarnesjewish.org/cdn-cgi/l/email-protection#0846697c6964616d2645696b63646166486a626b26677a6f,[email protected],http://www.foundationbarnesjewish.org/About/Our-Team
http://www.foundationbarnesjewish.org/cdn-cgi/l/email-protection#42072f2b2e3b6c11362b212a2e2b2c25022028216c2d3025,[email protected],http://www.foundationbarnesjewish.org/About/Our-Team
http://www.foundationbarnesjewish.org/cdn-cgi/l/email-protection#7b3e1712011a191e0f13553f1e151512083b1911185514091c,[email protected],http://www.foundationbarnesjewish.org/About/Our-Team
http://www.foundationbarnesjewish.org/cdn-cgi/l/email-protection#216b4447474453580f69405345484f61434b420f4e5346,[email protected],http://www.foundationbarnesjewish.org/About/Our-Team
http://www.foundationbarnesjewish.org/cdn-cgi/l/email-protection#9dd5f2f1f1e4b3d5f4fef6eeddfff7feb3f2effa,[email protected],http://www.foundationbarnesjewish.org/About/Our-Team
http://www.foundationbarnesjewish.org/cdn-cgi/l/email-protection#f6bc9398989f909384d8bc99989385b6949c95d8998491,[email protected],http://www.foundationbarnesjewish.org/About/Our-Team
http://www.foundationbarnesjewish.org/cdn-cgi/l/email-protection#e0a48592858bcead8199a0828a83ce8f9287,[email protected],http://www.foundationbarnesjewish.org/About/Our-Team
http://www.foundationbarnesjewish.org/cdn-cgi/l/email-protection#de9cacb7b9b7aaaabbf093bd9fb2b2b7adaabbac9ebcb4bdf0b1acb9,[email protected],http://www.foundationbarnesjewish.org/About/Our-Team
http://www.foundationbarnesjewish.org/cdn-cgi/l/email-protection#c6a1a7a4b4afa3aaa3e8b4a7a8a2a7aaaa86a4aca5e8a9b4a1,[email protected],http://www.foundationbarnesjewish.org/About/Our-Team
http://www.foundationbarnesjewish.org/cdn-cgi/l/email-protection#8ec5fce7fdfae7e0a0dcebeae7e0e9fae1e0ceece4eda0e1fce9,[email protected],http://www.foundationbarnesjewish.org/About/Our-Team
http://www.foundationbarnesjewish.org/cdn-cgi/l/email-protection#f4b995869d988d9adaa79c9184918690b4969e97da9b8693,[email protected],http://www.foundationbarnesjewish.org/About/Our-Team
http://www.foundationbarnesjewish.org/cdn-cgi/l/email-protection#34765d46535d401a67445155464774565e571a5b4653,[email protected],http://www.foundationbarnesjewish.org/About/Our-Team
http://www.foundationbarnesjewish.org/cdn-cgi/l/email-protection#aeebc3c7c2d780f9c7c2ddc1c09deeccc4cd80c1dcc9,[email protected],http://www.foundationbarnesjewish.org/About/Our-Team
http://www.foundationbarnesjewish.org/About/News,,http://www.foundationbarnesjewish.org/About/News
http://www.foundationbarnesjewish.org/About/News/Newsletter,signing up,http://www.foundationbarnesjewish.org/About/News
https://www.foundationbarnesjewish.org/About/News/ArtMID/445/ArticleID/105/2022-Knowlton-Incentive-for-Excellence-Award-Recipients,2022 Knowlton Incentive for Excellence Award Recipients,http://www.foundationbarnesjewish.org/About/News
https://www.foundationbarnesjewish.org/About/News/ArtMID/445/ArticleID/104/Dr-David-Mutch-Honored-with-2022-Presidents-Achievement-Award,Dr. David Mutch Honored with 2022 President's Achievement Award,http://www.foundationbarnesjewish.org/About/News
https://www.foundationbarnesjewish.org/About/News/ArtMID/445/ArticleID/103/Odibo-named-Lang-endowed-chair-in-OB-GYN,Odibo named Lang endowed chair in OB-GYN,http://www.foundationbarnesjewish.org/About/News
https://www.foundationbarnesjewish.org/About/News/ArtMID/445/ArticleID/101/From-Co-Workers-to-Pink-Sisters-When-Mission-and-Cancer-Collide,From Co-Workers to Pink Sisters: When Mission and Cancer Collide,http://www.foundationbarnesjewish.org/About/News
https://www.foundationbarnesjewish.org/About/News/ArtMID/445/ArticleID/100/Evelyns-House-Celebrates-5th-Anniversary,Evelyn's House Celebrates 5th Anniversary,http://www.foundationbarnesjewish.org/About/News
https://www.foundationbarnesjewish.org/About/News/ArtMID/445/ArticleID/99/The-Foundation-Board-Welcomes-Kenneth-Ludmerer-MD,"The Foundation Board Welcomes Kenneth Ludmerer, MD",http://www.foundationbarnesjewish.org/About/News
https://www.foundationbarnesjewish.org/About/News/ArtMID/445/ArticleID/97/The-Foundation-Board-Welcomes-Ryan-Todd,The Foundation Board Welcomes Ryan Todd,http://www.foundationbarnesjewish.org/About/News
https://www.foundationbarnesjewish.org/About/News/ArtMID/445/ArticleID/96/Khalia-Collier-Joins-the-Foundation-Board,Khalia Collier Joins the Foundation Board,http://www.foundationbarnesjewish.org/About/News
https://www.foundationbarnesjewish.org/About/News/ArtMID/445/ArticleID/95/Dr-Maria-B-Majella-Doyle-named-Mid-America-TransplantDepartment-of-Surgery-Distinguished-Endowed-Chair-in-Abdominal-Transplantation,Dr. Maria B. Majella Doyle named Mid-America Transplant/Department of Surgery Distinguished Endowed Chair in Abdominal Transplantation,http://www.foundationbarnesjewish.org/About/News
https://surgery.wustl.edu/people/maria-b-majella-doyle/,"Maria B. Majella Doyle, MD",http://www.foundationbarnesjewish.org/About/News
https://www.foundationbarnesjewish.org/About/News/ArtMID/445/ArticleID/94/Dr-Angela-Clark-Named-the-New-Maxine-Clark-and-Bob-Fox-President-and-professor-at-Goldfarb-School-of-Nursing-at-Barnes-Jewish-College,Dr. Angela Clark Named the New  Maxine Clark and Bob Fox President and professor at Goldfarb School of Nursing at Barnes-Jewish College,http://www.foundationbarnesjewish.org/About/News
https://www.foundationbarnesjewish.org/About/News/PgrID/445/PageID/1,1,http://www.foundationbarnesjewish.org/About/News
https://www.foundationbarnesjewish.org/About/News/PgrID/445/PageID/2,2,http://www.foundationbarnesjewish.org/About/News
https://www.foundationbarnesjewish.org/About/News/PgrID/445/PageID/3,3,http://www.foundationbarnesjewish.org/About/News
https://www.foundationbarnesjewish.org/About/News/PgrID/445/PageID/4,4,http://www.foundationbarnesjewish.org/About/News
https://www.foundationbarnesjewish.org/About/News/PgrID/445/PageID/5,5,http://www.foundationbarnesjewish.org/About/News
https://www.foundationbarnesjewish.org/About/News/PgrID/445/PageID/6,6,http://www.foundationbarnesjewish.org/About/News
https://www.foundationbarnesjewish.org/About/News/PgrID/445/PageID/7,7,http://www.foundationbarnesjewish.org/About/News
https://www.foundationbarnesjewish.org/About/News/PgrID/445/PageID/8,8,http://www.foundationbarnesjewish.org/About/News
http://www.foundationbarnesjewish.org/Areas-To-Support/Support-Cancer,,http://www.foundationbarnesjewish.org/Areas-To-Support/Support-Cancer
http://www.foundationbarnesjewish.org/Areas-To-Support/, ,http://www.foundationbarnesjewish.org/Areas-To-Support/Support-Cancer
http://www.foundationbarnesjewish.org/Your-Impact/Penny-Bari,,http://www.foundationbarnesjewish.org/Your-Impact/Penny-Bari
http://www.foundationbarnesjewish.org/your-impact/jennifer-hillman,,http://www.foundationbarnesjewish.org/your-impact/jennifer-hillman
http://www.foundationbarnesjewish.org/Your-Impact/Alvin-Siteman,,http://www.foundationbarnesjewish.org/Your-Impact/Alvin-Siteman
http://www.foundationbarnesjewish.org/Your-Impact/William-Hawkins-MD,,http://www.foundationbarnesjewish.org/Your-Impact/William-Hawkins-MD
http://www.foundationbarnesjewish.org/patrick-white-md,,http://www.foundationbarnesjewish.org/patrick-white-md
http://www.foundationbarnesjewish.org/Your-Impact/Todd-and-Sue-Greiner,,http://www.foundationbarnesjewish.org/Your-Impact/Todd-and-Sue-Greiner
http://www.foundationbarnesjewish.org/hannah-marchbanks,,http://www.foundationbarnesjewish.org/hannah-marchbanks
http://www.foundationbarnesjewish.org/rick-pfarr,,http://www.foundationbarnesjewish.org/rick-pfarr
http://www.foundationbarnesjewish.org/ramaswamy-govindan-md,,http://www.foundationbarnesjewish.org/ramaswamy-govindan-md
http://www.foundationbarnesjewish.org/olive-gray-emmert-coe,,http://www.foundationbarnesjewish.org/olive-gray-emmert-coe
http://www.foundationbarnesjewish.org/melvin-blanchard-md,,http://www.foundationbarnesjewish.org/melvin-blanchard-md
http://www.foundationbarnesjewish.org/mary-schoolman,,http://www.foundationbarnesjewish.org/mary-schoolman
http://www.foundationbarnesjewish.org/john-morris-md,,http://www.foundationbarnesjewish.org/john-morris-md
http://www.foundationbarnesjewish.org/jamie-corley,,http://www.foundationbarnesjewish.org/jamie-corley
http://www.foundationbarnesjewish.org/isaac-butler-pharmd,,http://www.foundationbarnesjewish.org/isaac-butler-pharmd
http://www.foundationbarnesjewish.org/erica-griffin,,http://www.foundationbarnesjewish.org/erica-griffin
http://www.foundationbarnesjewish.org/brenda-ernst,,http://www.foundationbarnesjewish.org/brenda-ernst
http://www.foundationbarnesjewish.org/bob-and-casey-obrien,,http://www.foundationbarnesjewish.org/bob-and-casey-obrien
http://www.foundationbarnesjewish.org/alvin-j-siteman,,http://www.foundationbarnesjewish.org/alvin-j-siteman
https://www.foundationbarnesjewish.org/alvin-j-siteman,Alvin J. Siteman,http://www.foundationbarnesjewish.org/alvin-j-siteman
http://www.foundationbarnesjewish.org/Your-Impact/Kacey-Hampton,,http://www.foundationbarnesjewish.org/Your-Impact/Kacey-Hampton
http://www.foundationbarnesjewish.org/Your-Impact/Ellen-Caroll,,http://www.foundationbarnesjewish.org/Your-Impact/Ellen-Caroll
http://www.bjctodayonline.org/Home/FeaturedStories/NewsArticle/TabId/134/ArtMID/546/ArticleID/3916/The-pink-gown-A-simple-act-demonstrates-care-to-hospice-patient%E2%80%99s-family.aspx,BJC Today Online,http://www.foundationbarnesjewish.org/Your-Impact/Ellen-Caroll
http://www.foundationbarnesjewish.org/Your-Impact/Mark-and-Jane-Harrington,,http://www.foundationbarnesjewish.org/Your-Impact/Mark-and-Jane-Harrington
http://www.foundationbarnesjewish.org/Your-Impact/Bree-McBride-RN-BSN,,http://www.foundationbarnesjewish.org/Your-Impact/Bree-McBride-RN-BSN
http://www.foundationbarnesjewish.org/Your-Impact/Tony-Thompson,,http://www.foundationbarnesjewish.org/Your-Impact/Tony-Thompson
https://www.foundationbarnesjewish.org/Your-Impact/Tony-Thompson,Tony Thompson,http://www.foundationbarnesjewish.org/Your-Impact/Tony-Thompson
http://www.foundationbarnesjewish.org/Your-Impact/Jerry-Caulder,,http://www.foundationbarnesjewish.org/Your-Impact/Jerry-Caulder
https://www.foundationbarnesjewish.org/Your-Impact/Jerry-Caulder,Jerry Caulder,http://www.foundationbarnesjewish.org/Your-Impact/Jerry-Caulder
http://www.foundationbarnesjewish.org/Your-Impact/Abbey-Cleveland,,http://www.foundationbarnesjewish.org/Your-Impact/Abbey-Cleveland
https://www.foundationbarnesjewish.org/Your-Impact/Abbey-Cleveland,Abbey Cleveland,http://www.foundationbarnesjewish.org/Your-Impact/Abbey-Cleveland
http://www.foundationbarnesjewish.org/Your-Impact/Mark-Kodner,,http://www.foundationbarnesjewish.org/Your-Impact/Mark-Kodner
https://www.foundationbarnesjewish.org/Your-Impact/Mark-Kodner,Mark Kodner,http://www.foundationbarnesjewish.org/Your-Impact/Mark-Kodner
http://www.foundationbarnesjewish.org/Your-Impact/Tim-Eberlein-MD,,http://www.foundationbarnesjewish.org/Your-Impact/Tim-Eberlein-MD
https://www.foundationbarnesjewish.org/Your-Impact/Tim-Eberlein-MD,"Tim Eberlein, MD",http://www.foundationbarnesjewish.org/Your-Impact/Tim-Eberlein-MD
http://www.foundationbarnesjewish.org/Portals/0/ASI-BarnesIlluminationGala2_7_18.pdf,Read the full PDF.,http://www.foundationbarnesjewish.org/Your-Impact/Tim-Eberlein-MD
https://townandstyle.com/leading-advancements-illumination-gala/,Town & Style,http://www.foundationbarnesjewish.org/Your-Impact/Tim-Eberlein-MD
http://www.foundationbarnesjewish.org/Your-Impact/Julie-Greichunos,,http://www.foundationbarnesjewish.org/Your-Impact/Julie-Greichunos
https://www.foundationbarnesjewish.org/Your-Impact/Julie-Greichunos,Julie Greichunos,http://www.foundationbarnesjewish.org/Your-Impact/Julie-Greichunos
http://www.foundationbarnesjewish.org/Your-Impact/Sonja-and-Robert-Willman,,http://www.foundationbarnesjewish.org/Your-Impact/Sonja-and-Robert-Willman
https://www.foundationbarnesjewish.org/Your-Impact/Sonja-and-Robert-Willman,Sonja and Robert Willman,http://www.foundationbarnesjewish.org/Your-Impact/Sonja-and-Robert-Willman
http://www.foundationbarnesjewish.org/cdn-cgi/l/email-protection,[email protected],http://www.foundationbarnesjewish.org/Your-Impact/Sonja-and-Robert-Willman
https://www.foundationbarnesjewish.org/Your-Impact/Allen-Kreke-and-Jim-Svoboda,Allen Kreke and Jim Svoboda,http://www.foundationbarnesjewish.org/Your-Impact/Allen-Kreke-and-Jim-Svoboda
https://www.foundationbarnesjewish.org/Your-Impact/Empowering-Lives-Through-Innovation,Empowering Lives Through Innovation,http://www.foundationbarnesjewish.org/Your-Impact/Empowering-Lives-Through-Innovation
http://www.foundationbarnesjewish.org/Your-Impact/Bill-Jehling,,http://www.foundationbarnesjewish.org/Your-Impact/Bill-Jehling
https://www.foundationbarnesjewish.org/Your-Impact/Bill-Jehling,Bill Jehling,http://www.foundationbarnesjewish.org/Your-Impact/Bill-Jehling
http://www.foundationbarnesjewish.org/Your-Impact/Leisa-Zigman,,http://www.foundationbarnesjewish.org/Your-Impact/Leisa-Zigman
https://www.foundationbarnesjewish.org/Your-Impact/Leisa-Zigman,Leisa Zigman,http://www.foundationbarnesjewish.org/Your-Impact/Leisa-Zigman
http://www.foundationbarnesjewish.org/Your-Impact/Ryan-Fields-MD,,http://www.foundationbarnesjewish.org/Your-Impact/Ryan-Fields-MD
https://www.foundationbarnesjewish.org/Your-Impact/Ryan-Fields-MD,"Ryan Fields, MD",http://www.foundationbarnesjewish.org/Your-Impact/Ryan-Fields-MD
https://www.foundationbarnesjewish.org/Your-Impact/Lannis-Hall-MD-MPH,"Lannis Hall, MD, MPH",http://www.foundationbarnesjewish.org/Your-Impact/Lannis-Hall-MD-MPH
https://www.foundationbarnesjewish.org/Your-Impact/Katherine-Fuh-MD-PhD-and-Greg-Longmore-MD,"Katherine Fuh, MD, PhD, and Greg Longmore, MD",http://www.foundationbarnesjewish.org/Your-Impact/Katherine-Fuh-MD-PhD-and-Greg-Longmore-MD
https://www.foundationbarnesjewish.org/Your-Impact/Lizzie-ONeill,Lizzie O'Neill,http://www.foundationbarnesjewish.org/Your-Impact/Lizzie-ONeill
https://www.foundationbarnesjewish.org/Your-Impact/Marci-Boyer,Marci Boyer,http://www.foundationbarnesjewish.org/Your-Impact/Marci-Boyer
https://www.foundationbarnesjewish.org/Your-Impact/Lynn-Yu,Lynn Yu,http://www.foundationbarnesjewish.org/Your-Impact/Lynn-Yu
https://www.foundationbarnesjewish.org/Your-Impact/Rick-Lindquist,Rick Lindquist,http://www.foundationbarnesjewish.org/Your-Impact/Rick-Lindquist
http://www.foundationbarnesjewish.org/Your-Impact/Susie-Sachs,,http://www.foundationbarnesjewish.org/Your-Impact/Susie-Sachs
https://www.foundationbarnesjewish.org/Your-Impact/Susie-Sachs,Susie Sachs,http://www.foundationbarnesjewish.org/Your-Impact/Susie-Sachs
https://www.foundationbarnesjewish.org/Your-Impact/Phillip-Cuculich-MD-and-Clifford-Robinson-MD,"Phillip Cuculich, MD, and Clifford Robinson, MD",http://www.foundationbarnesjewish.org/Your-Impact/Phillip-Cuculich-MD-and-Clifford-Robinson-MD
https://www.foundationbarnesjewish.org/Your-Impact/Morgan-Stanley,Morgan Stanley,http://www.foundationbarnesjewish.org/Your-Impact/Morgan-Stanley
https://www.foundationbarnesjewish.org/Your-Impact/Zakhari-Snow-and-Anna-Harris,Zakhari Snow and Anna Harris,http://www.foundationbarnesjewish.org/Your-Impact/Zakhari-Snow-and-Anna-Harris
https://www.foundationbarnesjewish.org/Your-Impact/Students-at-Goldfarb-School-of-Nursing-at-Barnes-Jewish-College,Students at Goldfarb School of Nursing at Barnes-Jewish College,http://www.foundationbarnesjewish.org/Your-Impact/Students-at-Goldfarb-School-of-Nursing-at-Barnes-Jewish-College
https://www.foundationbarnesjewish.org/Your-Impact/Damien-Nevels,Damien Nevels,http://www.foundationbarnesjewish.org/Your-Impact/Damien-Nevels
https://www.foundationbarnesjewish.org/Your-Impact/Ed-and-Marge-St-John,Ed and Marge St. John,http://www.foundationbarnesjewish.org/Your-Impact/Ed-and-Marge-St-John
http://www.foundationbarnesjewish.org/Your-Impact/test,,http://www.foundationbarnesjewish.org/Your-Impact/test
https://www.foundationbarnesjewish.org/Your-Impact/test,test,http://www.foundationbarnesjewish.org/Your-Impact/test
http://www.foundationbarnesjewish.org/Your-Impact/Masina-Scavuzzo,,http://www.foundationbarnesjewish.org/Your-Impact/Masina-Scavuzzo
https://www.foundationbarnesjewish.org/Your-Impact/Masina-Scavuzzo,Masina Scavuzzo,http://www.foundationbarnesjewish.org/Your-Impact/Masina-Scavuzzo
https://www.foundationbarnesjewish.org/Your-Impact/Rich-Merli,Rich Merli,http://www.foundationbarnesjewish.org/Your-Impact/Rich-Merli
http://www.foundationbarnesjewish.org/Your-Impact/Pat-and-Jim-Pape,,http://www.foundationbarnesjewish.org/Your-Impact/Pat-and-Jim-Pape
https://www.foundationbarnesjewish.org/Your-Impact/Pat-and-Jim-Pape,Pat and Jim Pape,http://www.foundationbarnesjewish.org/Your-Impact/Pat-and-Jim-Pape
https://www.foundationbarnesjewish.org/Your-Impact/Ira-Kodner,"Ira Kodner, MD",http://www.foundationbarnesjewish.org/Your-Impact/Ira-Kodner
https://www.foundationbarnesjewish.org/Your-Impact/Otto-and-Konnie-Reiter,Otto and Konnie Reiter,http://www.foundationbarnesjewish.org/Your-Impact/Otto-and-Konnie-Reiter
https://www.foundationbarnesjewish.org/Your-Impact/Sharon-Baker,Sharon Baker,http://www.foundationbarnesjewish.org/Your-Impact/Sharon-Baker
http://www.foundationbarnesjewish.org/Your-Impact/David-Holtzman-MD-and-Jeffrey-Milbrandt-MD,,http://www.foundationbarnesjewish.org/Your-Impact/David-Holtzman-MD-and-Jeffrey-Milbrandt-MD
https://www.foundationbarnesjewish.org/Your-Impact/David-Holtzman-MD-and-Jeffrey-Milbrandt-MD,"David Holtzman, MD, and Jeffrey Milbrandt, MD",http://www.foundationbarnesjewish.org/Your-Impact/David-Holtzman-MD-and-Jeffrey-Milbrandt-MD
https://www.foundationbarnesjewish.org/Your-Impact/Ken-Steinback,Ken Steinback,http://www.foundationbarnesjewish.org/Your-Impact/Ken-Steinback
https://www.foundationbarnesjewish.org/Your-Impact/Ron-and-Deb-Cizek,Ron and Deb Cizek,http://www.foundationbarnesjewish.org/Your-Impact/Ron-and-Deb-Cizek
https://www.foundationbarnesjewish.org/Your-Impact/Lee-Wielansky,Lee Wielansky,http://www.foundationbarnesjewish.org/Your-Impact/Lee-Wielansky
https://www.foundationbarnesjewish.org/Your-Impact/Addiction-Medicine-and-the-Opioid-Crisis,Addiction Medicine and the Opioid Crisis,http://www.foundationbarnesjewish.org/Your-Impact/Addiction-Medicine-and-the-Opioid-Crisis
https://www.foundationbarnesjewish.org/Your-Impact/Growing-Human-Joint-Replacements-in-the-Lab,Growing Human Joint Replacements in the Lab,http://www.foundationbarnesjewish.org/Your-Impact/Growing-Human-Joint-Replacements-in-the-Lab
http://www.foundationbarnesjewish.org/Your-Impact/My-Sisters-Garden-at-Evelyns-House,,http://www.foundationbarnesjewish.org/Your-Impact/My-Sisters-Garden-at-Evelyns-House
https://www.foundationbarnesjewish.org/Your-Impact/My-Sisters-Garden-at-Evelyns-House,My Sister’s Garden at Evelyn’s House,http://www.foundationbarnesjewish.org/Your-Impact/My-Sisters-Garden-at-Evelyns-House
http://www.foundationbarnesjewish.org/About/News/ArtMID/445/ArticleID/2/A-Much-Needed-Hospice-House-Opens-in-St-Louis,built on the campus,http://www.foundationbarnesjewish.org/Your-Impact/My-Sisters-Garden-at-Evelyns-House
https://www.foundationbarnesjewish.org/Your-Impact/Therapy-Dogs-Add-a-Special-Touch,Therapy Dogs Add a Special Touch,http://www.foundationbarnesjewish.org/Your-Impact/Therapy-Dogs-Add-a-Special-Touch
https://www.foundationbarnesjewish.org/Your-Impact/Meet-Barclay-the-St-Louis-Blues-Dog,Meet Barclay: the St. Louis Blues’ Dog,http://www.foundationbarnesjewish.org/Your-Impact/Meet-Barclay-the-St-Louis-Blues-Dog
https://www.foundationbarnesjewish.org/Your-Impact/Defying-the-Lung-Transplant-Odds,Defying the Lung Transplant Odds,http://www.foundationbarnesjewish.org/Your-Impact/Defying-the-Lung-Transplant-Odds
http://www.foundationbarnesjewish.org/Your-Impact/Nanette-and-Oliver-Stevenson,,http://www.foundationbarnesjewish.org/Your-Impact/Nanette-and-Oliver-Stevenson
https://www.foundationbarnesjewish.org/Your-Impact/Nanette-and-Oliver-Stevenson,Nanette and Oliver Stevenson,http://www.foundationbarnesjewish.org/Your-Impact/Nanette-and-Oliver-Stevenson
https://www.foundationbarnesjewish.org/Your-Impact/Nancy-Carroll-Allen-and-Nik-Meggos,Nancy Carroll Allen and Nik Meggos,http://www.foundationbarnesjewish.org/Your-Impact/Nancy-Carroll-Allen-and-Nik-Meggos
https://www.foundationbarnesjewish.org/Your-Impact/Lisa-Westfield,Lisa Westfield,http://www.foundationbarnesjewish.org/Your-Impact/Lisa-Westfield
http://www.foundationbarnesjewish.org/Your-Impact/Leading-Edge-Nursing,,http://www.foundationbarnesjewish.org/Your-Impact/Leading-Edge-Nursing
https://www.foundationbarnesjewish.org/Your-Impact/Leading-Edge-Nursing,Leading Edge Nursing,http://www.foundationbarnesjewish.org/Your-Impact/Leading-Edge-Nursing
https://www.foundationbarnesjewish.org/Your-Impact/Mike-Malone,Mike Malone,http://www.foundationbarnesjewish.org/Your-Impact/Mike-Malone
https://www.foundationbarnesjewish.org/Your-Impact/Leading-Edge-Medicine-Ethics-Through-the-Looking-Glass,Leading Edge Medicine: Ethics Through the Looking Glass,http://www.foundationbarnesjewish.org/Your-Impact/Leading-Edge-Medicine-Ethics-Through-the-Looking-Glass
https://www.foundationbarnesjewish.org/Your-Impact/Gloria-and-Sanford-Spitzer,Gloria and Sanford Spitzer,http://www.foundationbarnesjewish.org/Your-Impact/Gloria-and-Sanford-Spitzer
https://www.foundationbarnesjewish.org/Your-Impact/Matt-Matthews,Matt Matthews,http://www.foundationbarnesjewish.org/Your-Impact/Matt-Matthews
https://www.foundationbarnesjewish.org/Your-Impact/Kevin-Leahy,Kevin Leahy,http://www.foundationbarnesjewish.org/Your-Impact/Kevin-Leahy
http://www.foundationbarnesjewish.org/Your-Impact/Sam,,http://www.foundationbarnesjewish.org/Your-Impact/Sam
https://www.foundationbarnesjewish.org/Your-Impact/Sam,Sam,http://www.foundationbarnesjewish.org/Your-Impact/Sam
https://www.foundationbarnesjewish.org/Your-Impact/Randy-Jotte-MD,"Randy Jotte, MD",http://www.foundationbarnesjewish.org/Your-Impact/Randy-Jotte-MD
https://www.foundationbarnesjewish.org/Your-Impact/Hospital-to-Housing,Hospital to Housing,http://www.foundationbarnesjewish.org/Your-Impact/Hospital-to-Housing
https://www.foundationbarnesjewish.org/Your-Impact/Jason-Bruenderman,Jason Bruenderman,http://www.foundationbarnesjewish.org/Your-Impact/Jason-Bruenderman
https://www.foundationbarnesjewish.org/Your-Impact/Charles-and-Rosalyn-Lowenhaupt,Charles and Rosalyn Lowenhaupt,http://www.foundationbarnesjewish.org/Your-Impact/Charles-and-Rosalyn-Lowenhaupt
https://www.foundationbarnesjewish.org/Your-Impact/Jonathan-Deutsch,Jonathan Deutsch,http://www.foundationbarnesjewish.org/Your-Impact/Jonathan-Deutsch
https://www.foundationbarnesjewish.org/Your-Impact/Paul-Koch,Paul Koch,http://www.foundationbarnesjewish.org/Your-Impact/Paul-Koch
https://www.foundationbarnesjewish.org/Your-Impact/Alaina-Macia,Alaina Maciá,http://www.foundationbarnesjewish.org/Your-Impact/Alaina-Macia
https://www.foundationbarnesjewish.org/Your-Impact/Understanding-COVID-19,Understanding COVID-19,http://www.foundationbarnesjewish.org/Your-Impact/Understanding-COVID-19
https://www.foundationbarnesjewish.org/Your-Impact/Generous-Donation-of-iPads-Keeps-Families-Connected,Generous Donation of iPads Keeps Families Connected,http://www.foundationbarnesjewish.org/Your-Impact/Generous-Donation-of-iPads-Keeps-Families-Connected
http://www.foundationbarnesjewish.org/Your-Impact/Providing-a-Safe-Port-in-a-Financial-Storm,,http://www.foundationbarnesjewish.org/Your-Impact/Providing-a-Safe-Port-in-a-Financial-Storm
https://www.foundationbarnesjewish.org/Your-Impact/Providing-a-Safe-Port-in-a-Financial-Storm,Providing a Safe Port in a Financial Storm,http://www.foundationbarnesjewish.org/Your-Impact/Providing-a-Safe-Port-in-a-Financial-Storm
http://www.foundationbarnesjewish.org/cdn-cgi/l/email-protection#a3e4cad5cacdc4e1c2d1cdc6d0e9c6d4cad0cbe3c1c9c08dccd1c4,[email protected],http://www.foundationbarnesjewish.org/Your-Impact/Providing-a-Safe-Port-in-a-Financial-Storm
http://www.foundationbarnesjewish.org/Your-Impact/Crisis-Support,,http://www.foundationbarnesjewish.org/Your-Impact/Crisis-Support
https://www.foundationbarnesjewish.org/Your-Impact/Crisis-Support,Crisis Support,http://www.foundationbarnesjewish.org/Your-Impact/Crisis-Support
http://www.foundationbarnesjewish.org/Your-Impact/Connie-Schneider,,http://www.foundationbarnesjewish.org/Your-Impact/Connie-Schneider
https://www.foundationbarnesjewish.org/Your-Impact/Connie-Schneider,Connie Schneider,http://www.foundationbarnesjewish.org/Your-Impact/Connie-Schneider
http://www.foundationbarnesjewish.org/Your-Impact/Greg-Stubblefield,,http://www.foundationbarnesjewish.org/Your-Impact/Greg-Stubblefield
https://www.foundationbarnesjewish.org/Your-Impact/Greg-Stubblefield,Greg Stubblefield,http://www.foundationbarnesjewish.org/Your-Impact/Greg-Stubblefield
https://www.foundationbarnesjewish.org/Your-Impact/Valen-Keefer,Valen Keefer,http://www.foundationbarnesjewish.org/Your-Impact/Valen-Keefer
http://www.foundationbarnesjewish.org/Your-Impact/Justin-Willman,,http://www.foundationbarnesjewish.org/Your-Impact/Justin-Willman
http://www.foundationbarnesjewish.org/Your-Impact/Keith-Hardy,,http://www.foundationbarnesjewish.org/Your-Impact/Keith-Hardy
https://www.foundationbarnesjewish.org/Your-Impact/Keith-Hardy,Keith Hardy,http://www.foundationbarnesjewish.org/Your-Impact/Keith-Hardy
http://www.foundationbarnesjewish.org/Your-Impact/Stafford-Manion,,http://www.foundationbarnesjewish.org/Your-Impact/Stafford-Manion
https://www.foundationbarnesjewish.org/Your-Impact/Stafford-Manion,Stafford Manion,http://www.foundationbarnesjewish.org/Your-Impact/Stafford-Manion
http://www.foundationbarnesjewish.org/Your-Impact/Glenn-Doc-Hogancamp,,http://www.foundationbarnesjewish.org/Your-Impact/Glenn-Doc-Hogancamp
https://www.foundationbarnesjewish.org/Your-Impact/Glenn-Doc-Hogancamp,Glenn Doc Hogancamp,http://www.foundationbarnesjewish.org/Your-Impact/Glenn-Doc-Hogancamp
http://www.foundationbarnesjewish.org/Your-Impact/Mary-Sutherland,,http://www.foundationbarnesjewish.org/Your-Impact/Mary-Sutherland
https://www.foundationbarnesjewish.org/Your-Impact/Mary-Sutherland,Mary Sutherland,http://www.foundationbarnesjewish.org/Your-Impact/Mary-Sutherland
https://www.foundationbarnesjewish.org/Your-Impact/Provident-Behavioral-Health,Provident Behavioral Health,http://www.foundationbarnesjewish.org/Your-Impact/Provident-Behavioral-Health
https://www.foundationbarnesjewish.org/Your-Impact/Vellore-Gopal-Gopalaratnam,Vellore Gopal Gopalaratnam,http://www.foundationbarnesjewish.org/Your-Impact/Vellore-Gopal-Gopalaratnam
https://www.foundationbarnesjewish.org/Your-Impact/Amy-Kalishman,Amy Kalishman,http://www.foundationbarnesjewish.org/Your-Impact/Amy-Kalishman
https://www.foundationbarnesjewish.org/Your-Impact/Alexander-Sandy-Schonwald,Alexander Sandy Schonwald,http://www.foundationbarnesjewish.org/Your-Impact/Alexander-Sandy-Schonwald
https://www.foundationbarnesjewish.org/Your-Impact/Keith-Hardy-and-Jenni-Huddleston1,Keith Hardy and Jenni Huddleston,http://www.foundationbarnesjewish.org/Your-Impact/Keith-Hardy-and-Jenni-Huddleston1
https://www.foundationbarnesjewish.org/Your-Impact/Nancy-Ridenour-PhD-APRN-FAAN,"Nancy Ridenour, PhD, APRN, FAAN",http://www.foundationbarnesjewish.org/Your-Impact/Nancy-Ridenour-PhD-APRN-FAAN
http://www.foundationbarnesjewish.org/Your-Impact/TEMPLATE-FOR-LIBRARY,,http://www.foundationbarnesjewish.org/Your-Impact/TEMPLATE-FOR-LIBRARY
https://www.foundationbarnesjewish.org/Your-Impact/TEMPLATE-FOR-LIBRARY,TEMPLATE FOR LIBRARY,http://www.foundationbarnesjewish.org/Your-Impact/TEMPLATE-FOR-LIBRARY
http://www.foundationbarnesjewish.org/Your-Impact/Shana-Baldwin,,http://www.foundationbarnesjewish.org/Your-Impact/Shana-Baldwin
http://support.bjc.org/site/Donation2?df_id=2420&2420.donation=form1&mfc_pref=T,Give Now & Support Thoracic Outlet Syndrome Research,http://www.foundationbarnesjewish.org/Your-Impact/Shana-Baldwin
http://www.foundationbarnesjewish.org/Your-Impact/Phil-Dehner,,http://www.foundationbarnesjewish.org/Your-Impact/Phil-Dehner
https://www.foundationbarnesjewish.org/Your-Impact/Phil-Dehner,Phil Dehner,http://www.foundationbarnesjewish.org/Your-Impact/Phil-Dehner
http://support.bjc.org/site/Donation2?df_id=2080&mfc_pref=T&2080.donation=form1,Give Now & Support Transplant Nurses,http://www.foundationbarnesjewish.org/Your-Impact/Phil-Dehner
http://www.foundationbarnesjewish.org/Your-Impact/Future-of-Nursing,,http://www.foundationbarnesjewish.org/Your-Impact/Future-of-Nursing
https://www.foundationbarnesjewish.org/Your-Impact/Future-of-Nursing,Future of Nursing,http://www.foundationbarnesjewish.org/Your-Impact/Future-of-Nursing
http://www.foundationbarnesjewish.org/Your-Impact/Future-of-Nursing#drclark,,http://www.foundationbarnesjewish.org/Your-Impact/Future-of-Nursing
"https://support.bjc.org/site/Donation2;jsessionid=00000000.app20023b?df_id=1780&mfc_pref=T&1780.donation=form1
",Give Now & Support Extraordinary Nurses,http://www.foundationbarnesjewish.org/Your-Impact/Future-of-Nursing
http://www.foundationbarnesjewish.org/How-to-Give/Matching-Gifts,,http://www.foundationbarnesjewish.org/How-to-Give/Matching-Gifts
https://www.foundationbarnesjewish.org/How-to-Give/Matching-Gifts,Matching Gifts,http://www.foundationbarnesjewish.org/How-to-Give/Matching-Gifts
http://www.foundationbarnesjewish.org/How-to-Give/Honor-and-Memorial-Giving,,http://www.foundationbarnesjewish.org/How-to-Give/Honor-and-Memorial-Giving
http://www.foundationbarnesjewish.org/How-to-Give/null, ,http://www.foundationbarnesjewish.org/How-to-Give/Honor-and-Memorial-Giving
https://foundationbarnesjewish.org/About/Our-History,legacy institutions,http://www.foundationbarnesjewish.org/How-to-Give/Honor-and-Memorial-Giving
http://www.foundationbarnesjewish.org/cdn-cgi/l/email-protection#3f5856495651585d5e4d515a4c555a48564c577f5d555c11504d58,[email protected],http://www.foundationbarnesjewish.org/How-to-Give/Honor-and-Memorial-Giving
http://www.foundationbarnesjewish.org/How-to-Give/Employer-Matching-Gifts,,http://www.foundationbarnesjewish.org/How-to-Give/Employer-Matching-Gifts
http://www.foundationbarnesjewish.org/How-to-Give/Cornerstone-Society,,http://www.foundationbarnesjewish.org/How-to-Give/Cornerstone-Society
http://www.foundationbarnesjewish.org/Employee-Payroll-Deductions,,http://www.foundationbarnesjewish.org/Employee-Payroll-Deductions
http://www.foundationbarnesjewish.org/Portals/0/FBJH Employee Giving Form 2020 - Final.pdf?ver=2022-06-16-163116-770,Download the Employee Payroll Deduction Form,http://www.foundationbarnesjewish.org/Employee-Payroll-Deductions
http://www.foundationbarnesjewish.org/cdn-cgi/l/email-protection#11757e7f7e633f627463677872746251737b723f7e6376,[email protected],http://www.foundationbarnesjewish.org/Employee-Payroll-Deductions
https://www.foundationbarnesjewish.org/Portals/0/FBJH Employee Giving Form 2020 - Final.pdf?ver=2022-06-16-163116-770,"
              Downloadable Form
            ",http://www.foundationbarnesjewish.org/Employee-Payroll-Deductions
http://www.foundationbarnesjewish.org/cdn-cgi/l/email-protection#06616f706f68616467746863756c63716f756e46646c6528697461,[email protected],http://www.foundationbarnesjewish.org/Employee-Payroll-Deductions
https://support.bjc.org/site/Donation2?df_id=2040&mfc_pref=T&2040.donation=form1,secure online giving form,http://www.foundationbarnesjewish.org/Employee-Payroll-Deductions
http://www.foundationbarnesjewish.org/cdn-cgi/l/email-protection#5735253e232336392e793136253a322517353d3479382530,[email protected],http://www.foundationbarnesjewish.org/Employee-Payroll-Deductions
http://www.foundationbarnesjewish.org/How-to-Give/NAP-Tax-Credits,,http://www.foundationbarnesjewish.org/How-to-Give/NAP-Tax-Credits
http://www.foundationbarnesjewish.org/Portals/0/information/NAP Tax Credit Eligibility.pdf?ver=oDkjKBvnIU_cU_T135USTg%3d%3d,Learn more about eligibility factors,http://www.foundationbarnesjewish.org/How-to-Give/NAP-Tax-Credits
http://www.foundationbarnesjewish.org/cdn-cgi/l/email-protection#a7e3c2d5c2cc89eac6dee7c5cdc489c8d5c098d4d2c5cdc2c4d39ae9e6f7829597f3c6df829597e4d5c2c3ced3d4,[email protected],http://www.foundationbarnesjewish.org/How-to-Give/NAP-Tax-Credits
https://support.bjc.org/site/Donation2?2440.donation=form1&df_id=2440&mfc_pref=T,make a donation,http://www.foundationbarnesjewish.org/How-to-Give/NAP-Tax-Credits
http://www.foundationbarnesjewish.org/cdn-cgi/l/email-protection#e2858b948b8c858083908c87918887958b918aa2808881cc8d9085,[email protected],http://www.foundationbarnesjewish.org/How-to-Give/FAQs
http://www.foundationbarnesjewish.org/cdn-cgi/l/email-protection#21464857484f464340534f44524b445648524961434b420f4e5346,[email protected],http://www.foundationbarnesjewish.org/How-to-Give/FAQs
https://www.barnesjewish.org/Patients-Visitors/Volunteer,https://www.barnesjewish.org/Patients-Visitors/Volunteer,http://www.foundationbarnesjewish.org/How-to-Give/FAQs
http://www.foundationbarnesjewish.org/How-to-Give/DAF-copy,,http://www.foundationbarnesjewish.org/How-to-Give/DAF-copy
https://www.foundationbarnesjewish.org/How-to-Give/DAF-copy,DAF (copy),http://www.foundationbarnesjewish.org/How-to-Give/DAF-copy
http://www.foundationbarnesjewish.org/cdn-cgi/l/email-protection#b9ded0cfd0d7dedbd8cbd7dccad3dcced0cad1f9dbd3da97d6cbde,[email protected],http://www.foundationbarnesjewish.org/How-to-Give/DAF-copy
http://www.foundationbarnesjewish.org/Events/flushots,,http://www.foundationbarnesjewish.org/Events/flushots
https://www.foundationbarnesjewish.org/Events/flushots,Donor Annual Flu Shot Clinic,http://www.foundationbarnesjewish.org/Events/flushots
http://www.foundationbarnesjewish.org/cdn-cgi/l/email-protection#01476e746f656075686e6f676e73434b4941636b622f6e73663e7274636b6462753c476d7424333152696e75243331536466687275736075686e6f,[email protected],http://www.foundationbarnesjewish.org/Events/flushots
https://foundationbarnesjewishevents.com/,"
              RSVP Now
            ",http://www.foundationbarnesjewish.org/Events/flushots
http://www.foundationbarnesjewish.org/Events/Leading-Edge-Medicine,,http://www.foundationbarnesjewish.org/Events/Leading-Edge-Medicine
https://www.foundationbarnesjewish.org/Events/Leading-Edge-Medicine,Leading Edge Medicine,http://www.foundationbarnesjewish.org/Events/Leading-Edge-Medicine
http://www.foundationbarnesjewish.org/Events/Goldfarb-Scholarship-Dinner,,http://www.foundationbarnesjewish.org/Events/Goldfarb-Scholarship-Dinner
https://www.foundationbarnesjewish.org/Events/Goldfarb-Scholarship-Dinner,Goldfarb Scholarship Donor Appreciation Dinner,http://www.foundationbarnesjewish.org/Events/Goldfarb-Scholarship-Dinner
http://www.foundationbarnesjewish.org/Events/Legacy-Luncheon,,http://www.foundationbarnesjewish.org/Events/Legacy-Luncheon
https://www.foundationbarnesjewish.org/Events/Legacy-Luncheon,Legacy Circle Luncheon,http://www.foundationbarnesjewish.org/Events/Legacy-Luncheon
http://www.foundationbarnesjewish.org/Events/Celebrate-Giving-Dinner,,http://www.foundationbarnesjewish.org/Events/Celebrate-Giving-Dinner
https://www.foundationbarnesjewish.org/Events/Celebrate-Giving-Dinner,Celebrate Giving Dinner,http://www.foundationbarnesjewish.org/Events/Celebrate-Giving-Dinner
http://www.foundationbarnesjewish.org/Events/Chair-Installations,,http://www.foundationbarnesjewish.org/Events/Chair-Installations
https://www.foundationbarnesjewish.org/Events/Chair-Installations,Chair Installations,http://www.foundationbarnesjewish.org/Events/Chair-Installations
https://www.foundationbarnesjewish.org/Events/Leading-Edge-Medicine-A-Heart-to-Heart-with-Ralph-Damiano-MD,"Leading Edge Medicine: A Heart to Heart with Ralph Damiano, MD",http://www.foundationbarnesjewish.org/Events/Leading-Edge-Medicine-A-Heart-to-Heart-with-Ralph-Damiano-MD
https://www.foundationbarnesjewish.org/Events/Chair-Installation-of-Justin-M-Sacks-MD-MBA-FACS,"Chair Installation of Justin M. Sacks, MD, MBA, FACS",http://www.foundationbarnesjewish.org/Events/Chair-Installation-of-Justin-M-Sacks-MD-MBA-FACS
https://www.foundationbarnesjewish.org/Events/Frontier-Night,Frontier Night,http://www.foundationbarnesjewish.org/Events/Frontier-Night
http://www.foundationbarnesjewish.org/Events/Legacy-Circle-Celebration,,http://www.foundationbarnesjewish.org/Events/Legacy-Circle-Celebration
https://www.foundationbarnesjewish.org/Events/Legacy-Circle-Celebration,Legacy Circle Celebration,http://www.foundationbarnesjewish.org/Events/Legacy-Circle-Celebration
http://www.foundationbarnesjewish.org/Events/Chair-Installation-of-Mayola-Rowser-PhD-DNP-FNP-PMHNP,,http://www.foundationbarnesjewish.org/Events/Chair-Installation-of-Mayola-Rowser-PhD-DNP-FNP-PMHNP
https://www.foundationbarnesjewish.org/Events/Chair-Installation-of-Mayola-Rowser-PhD-DNP-FNP-PMHNP,"Chair Installation of Mayola Rowser, PhD, DNP, FNP, PMHNP",http://www.foundationbarnesjewish.org/Events/Chair-Installation-of-Mayola-Rowser-PhD-DNP-FNP-PMHNP
http://www.foundationbarnesjewish.org/Events/Leading-Edge-Medicine-Transitioning-from-Pandemic-to-Endemic,,http://www.foundationbarnesjewish.org/Events/Leading-Edge-Medicine-Transitioning-from-Pandemic-to-Endemic
http://www.foundationbarnesjewish.org/Events/Livestream,,http://www.foundationbarnesjewish.org/Events/Livestream
http://www.foundationbarnesjewish.org/Events/Frontier-Night-2022,,http://www.foundationbarnesjewish.org/Events/Frontier-Night-2022
https://www.foundationbarnesjewish.org/Events/Frontier-Night-2022,Frontier Night 2022,http://www.foundationbarnesjewish.org/Events/Frontier-Night-2022
http://www.foundationbarnesjewish.org/cdn-cgi/l/email-protection#26604953484247524f4948404954646c6e66444c450849544119,[email protected],http://www.foundationbarnesjewish.org/Events/Frontier-Night-2022
http://www.foundationbarnesjewish.org/events/Chair-Installation-Maria-Majella-Doyle,,http://www.foundationbarnesjewish.org/events/Chair-Installation-Maria-Majella-Doyle
http://www.foundationbarnesjewish.org/Events/Frontier-Night-2022-Virtual,,http://www.foundationbarnesjewish.org/Events/Frontier-Night-2022-Virtual
http://www.foundationbarnesjewish.org/events/test-livestream,,http://www.foundationbarnesjewish.org/events/test-livestream
http://www.foundationbarnesjewish.org/Events/Legacy-Circle-Celebration-2022,,http://www.foundationbarnesjewish.org/Events/Legacy-Circle-Celebration-2022
http://www.foundationbarnesjewish.org/Events/Illumination-Gala,,http://www.foundationbarnesjewish.org/Events/Illumination-Gala
http://www.foundationbarnesjewish.org/events/illumination-gala/about,"
              About
            ",http://www.foundationbarnesjewish.org/Events/Illumination-Gala
http://www.foundationbarnesjewish.org/events/illumination-gala/donors-partners,"
              Donors & Partners
            ",http://www.foundationbarnesjewish.org/Events/Illumination-Gala
http://www.foundationbarnesjewish.org/events/illumination-gala/ambassadors,"
              AMBASSADORS
            ",http://www.foundationbarnesjewish.org/Events/Illumination-Gala
http://www.foundationbarnesjewish.org/events/illumination-gala/tickets-sponsorship,"
              Giving Levels
            ",http://www.foundationbarnesjewish.org/Events/Illumination-Gala
http://support.bjc.org/site/Calendar/84551517,"
              Register for the Livestream
            ",http://www.foundationbarnesjewish.org/Events/Illumination-Gala
https://www.foundationbarnesjewish.org/Events/Illumination-Gala/Video-Archive,"
              VIEW VIDEO ARCHIVE
            ",http://www.foundationbarnesjewish.org/Events/Illumination-Gala
http://www.foundationbarnesjewish.org/Events/Leading-Edge-Nursing,,http://www.foundationbarnesjewish.org/Events/Leading-Edge-Nursing
https://www.foundationbarnesjewish.org/Events/Leading-Edge-Nursing,Leading Edge Nursing,http://www.foundationbarnesjewish.org/Events/Leading-Edge-Nursing
http://www.foundationbarnesjewish.org/Events/Scholarship-Donor-Appreciation-Evening,,http://www.foundationbarnesjewish.org/Events/Scholarship-Donor-Appreciation-Evening
https://www.foundationbarnesjewish.org/Events/Scholarship-Donor-Appreciation-Evening,Scholarship Donor Appreciation Evening,http://www.foundationbarnesjewish.org/Events/Scholarship-Donor-Appreciation-Evening
http://www.foundationbarnesjewish.org/Events/Blood-Tests-for-Alzheimers-Disease-Development-in-the-SILQ-Center,,http://www.foundationbarnesjewish.org/Events/Blood-Tests-for-Alzheimers-Disease-Development-in-the-SILQ-Center
https://www.foundationbarnesjewish.org/Events/Blood-Tests-for-Alzheimers-Disease-Development-in-the-SILQ-Center,Blood Tests for Alzheimer's Disease Development in the SILQ Center,http://www.foundationbarnesjewish.org/Events/Blood-Tests-for-Alzheimers-Disease-Development-in-the-SILQ-Center
http://www.foundationbarnesjewish.org/Events/Leading-Edge-Medicine-Series,,http://www.foundationbarnesjewish.org/Events/Leading-Edge-Medicine-Series
https://www.foundationbarnesjewish.org/Events/Leading-Edge-Medicine-Series,Leading Edge Medicine Series,http://www.foundationbarnesjewish.org/Events/Leading-Edge-Medicine-Series
http://www.foundationbarnesjewish.org/leading-edge-medicine-reducing-kidney-discard-rate-virtual,,http://www.foundationbarnesjewish.org/leading-edge-medicine-reducing-kidney-discard-rate-virtual
http://www.foundationbarnesjewish.org/leading-edge-medicine-reducing-kidney-discard,,http://www.foundationbarnesjewish.org/leading-edge-medicine-reducing-kidney-discard
https://www.foundationbarnesjewish.org/leading-edge-medicine-reducing-kidney-discard,Leading Edge Medicine: Reducing the Kidney Discard Rate with Precision Medicine to Improve Transplant Outcomes,http://www.foundationbarnesjewish.org/leading-edge-medicine-reducing-kidney-discard
http://www.foundationbarnesjewish.org/cdn-cgi/l/email-protection#a8eec7ddc6ccc9dcc1c7c6cec7daeae2e0e8cac2cb86c7dacf,[email protected],http://www.foundationbarnesjewish.org/leading-edge-medicine-reducing-kidney-discard
http://www.foundationbarnesjewish.org/Events/Leading-Edge-Nursing-Precision-Nursing,,http://www.foundationbarnesjewish.org/Events/Leading-Edge-Nursing-Precision-Nursing
http://www.foundationbarnesjewish.org/Events/Chair-Installation-of-Dr-Anthony-Odibo,,http://www.foundationbarnesjewish.org/Events/Chair-Installation-of-Dr-Anthony-Odibo
https://www.foundationbarnesjewish.org/Events/Chair-Installation-of-Dr-Anthony-Odibo,Chair Installation of Dr. Anthony Odibo,http://www.foundationbarnesjewish.org/Events/Chair-Installation-of-Dr-Anthony-Odibo
http://www.foundationbarnesjewish.org/About/News/ArtMID/445/ArticleID/103/Odibo-named-Lang-endowed-chair-in-OB-GYN,,http://www.foundationbarnesjewish.org/Events/Chair-Installation-of-Dr-Anthony-Odibo
http://www.foundationbarnesjewish.org/Events/Chair-Installation-of-Tsuyoshi-Kaneko,,http://www.foundationbarnesjewish.org/Events/Chair-Installation-of-Tsuyoshi-Kaneko
http://www.foundationbarnesjewish.org/Events/Frontier-Night-2023,,http://www.foundationbarnesjewish.org/Events/Frontier-Night-2023
http://www.foundationbarnesjewish.org/Events/Cancer Frontier Fund Support,"
              Support the Cancer Frontier Fund
            ",http://www.foundationbarnesjewish.org/Events/Frontier-Night-2023
http://www.foundationbarnesjewish.org/Events/Leading-Edge-Medicine-Dr-Prabhu,,http://www.foundationbarnesjewish.org/Events/Leading-Edge-Medicine-Dr-Prabhu
http://www.foundationbarnesjewish.org/Events/Legacy-Circle-Celebration-2023,,http://www.foundationbarnesjewish.org/Events/Legacy-Circle-Celebration-2023
http://www.foundationbarnesjewish.org/Events/BJC-Classic-Golf-Tournament,,http://www.foundationbarnesjewish.org/Events/BJC-Classic-Golf-Tournament
https://www.foundationbarnesjewish.org/Events/BJC-Classic-Golf-Tournament,BJC Classic Golf Tournament,http://www.foundationbarnesjewish.org/Events/BJC-Classic-Golf-Tournament
http://www.foundationbarnesjewish.org/Events/BJC Classic ,"
              About
            ",http://www.foundationbarnesjewish.org/Events/BJC-Classic-Golf-Tournament
http://www.foundationbarnesjewish.org/Events/BJC Classic Partnership Opportunities,"
              Partnership Opportunities
            ",http://www.foundationbarnesjewish.org/Events/BJC-Classic-Golf-Tournament
http://www.foundationbarnesjewish.org/Events/Support Community Health,"
              Give Now
            ",http://www.foundationbarnesjewish.org/Events/BJC-Classic-Golf-Tournament
"https://support.bjc.org/site/Donation2?2440.donation=form1&df_id=2440&mfc_pref=T""",Make a difference today.,http://www.foundationbarnesjewish.org/Events/BJC-Classic-Golf-Tournament
http://www.foundationbarnesjewish.org/cdn-cgi/l/email-protection#b5f3dac0dbd1d4c1dcdadbd3dac7f7fffdf5d7dfd69bdac7d2,[email protected],http://www.foundationbarnesjewish.org/Events/BJC-Classic-Golf-Tournament
http://www.foundationbarnesjewish.org/sample,"
              Sample
            ",http://www.foundationbarnesjewish.org/Events/BJC-Classic-Golf-Tournament
http://www.foundationbarnesjewish.org/Events/Event-Confirmation,,http://www.foundationbarnesjewish.org/Events/Event-Confirmation
https://www.foundationbarnesjewish.org/Events/Event-Confirmation,Event Confirmation,http://www.foundationbarnesjewish.org/Events/Event-Confirmation
http://www.foundationbarnesjewish.org/cdn-cgi/l/email-protection#eea8819b808a8f9a87818088819caca4a6ae8c848dc0819c89,[email protected],http://www.foundationbarnesjewish.org/Events/Event-Confirmation
http://www.foundationbarnesjewish.org/Events/Buy-Tickets,,http://www.foundationbarnesjewish.org/Events/Buy-Tickets
https://www.foundationbarnesjewish.org/Events/Buy-Tickets,Buy Tickets,http://www.foundationbarnesjewish.org/Events/Buy-Tickets
http://www.foundationbarnesjewish.org/Events/Event-Registration-Test,,http://www.foundationbarnesjewish.org/Events/Event-Registration-Test
https://www.foundationbarnesjewish.org/Events/Event-Registration-Test,Event Registration Test,http://www.foundationbarnesjewish.org/Events/Event-Registration-Test
http://www.foundationbarnesjewish.org/Grants/NOA-Changes,,http://www.foundationbarnesjewish.org/Grants/NOA-Changes
https://www.foundationbarnesjewish.org/Grants/NOA-Changes,Grant Administration and NOA Changes,http://www.foundationbarnesjewish.org/Grants/NOA-Changes
http://www.foundationbarnesjewish.org/Share-your-story-or-gratitude-for-your-caregivers/Thank-You,,http://www.foundationbarnesjewish.org/Share-your-story-or-gratitude-for-your-caregivers/Thank-You
https://www.foundationbarnesjewish.org/Tell-us-your-story,Share your story or gratitude for your caregivers,http://www.foundationbarnesjewish.org/Share-your-story-or-gratitude-for-your-caregivers/Thank-You
https://www.foundationbarnesjewish.org/Share-your-story-or-gratitude-for-your-caregivers/Thank-You,Thank You,http://www.foundationbarnesjewish.org/Share-your-story-or-gratitude-for-your-caregivers/Thank-You
https://www.foundationbarnesjewish.org/Cancer/Sign-Up,Sign Up,http://www.foundationbarnesjewish.org/Cancer/Sign-Up
http://www.foundationbarnesjewish.org/Events/Illumination-Gala/Donors-Partners,,http://www.foundationbarnesjewish.org/Events/Illumination-Gala/Donors-Partners
https://www.foundationbarnesjewish.org/Activity-Feed,Activity Feed,http://www.foundationbarnesjewish.org/Events/Illumination-Gala/Donors-Partners
https://www.foundationbarnesjewish.org/Events/Illumination-Gala/Donors-Partners,Illumination Gala - Donors & Partners,http://www.foundationbarnesjewish.org/Events/Illumination-Gala/Donors-Partners
http://www.foundationbarnesjewish.org/cdn-cgi/l/email-protection#f6909983989297829f9998909984949c9eb6949c95d8998491c98583949c939582cbbf9a9a839b9f9897829f9998d3c4c6b1979a97,[email protected],http://www.foundationbarnesjewish.org/Events/Illumination-Gala/Donors-Partners
http://www.foundationbarnesjewish.org/Events/Illumination-Gala/Video-Archive,,http://www.foundationbarnesjewish.org/Events/Illumination-Gala/Video-Archive
http://www.foundationbarnesjewish.org/Events/Illumination-Gala/About,,http://www.foundationbarnesjewish.org/Events/Illumination-Gala/About
https://www.foundationbarnesjewish.org/Events/Illumination-Gala/About,About,http://www.foundationbarnesjewish.org/Events/Illumination-Gala/About
http://www.foundationbarnesjewish.org/events/illumination/the-cause,cancer research,http://www.foundationbarnesjewish.org/Events/Illumination-Gala/About
https://siteman.wustl.edu/siteman-investment-program-awards-1-7-million-in-cancer-research-grants/,the Siteman Investment Program awarded $1.7 million in grants,http://www.foundationbarnesjewish.org/Events/Illumination-Gala/About
http://www.foundationbarnesjewish.org/Events/Illumination-Gala/The-Cause,,http://www.foundationbarnesjewish.org/Events/Illumination-Gala/The-Cause
https://www.foundationbarnesjewish.org/Events/Illumination-Gala/The-Cause,The Cause,http://www.foundationbarnesjewish.org/Events/Illumination-Gala/The-Cause
http://www.foundationbarnesjewish.org/events/Illumination-Gala/Tickets-Sponsorship,,http://www.foundationbarnesjewish.org/events/Illumination-Gala/Tickets-Sponsorship
https://www.foundationbarnesjewish.org/events/Illumination-Gala/Tickets-Sponsorship,Tickets/Sponsorships,http://www.foundationbarnesjewish.org/events/Illumination-Gala/Tickets-Sponsorship
http://www.foundationbarnesjewish.org/cdn-cgi/l/email-protection#0e48617b606a6f7a67616068617c4c44464e6c646d20617c69,[email protected],http://www.foundationbarnesjewish.org/events/Illumination-Gala/Tickets-Sponsorship
https://www.foundationbarnesjewish.org/events/illumination-gala/ambassadors,Illumination Gala -  Ambassadors,http://www.foundationbarnesjewish.org/events/illumination-gala/ambassadors
http://www.foundationbarnesjewish.org/events/illumination-gala/livestream,,http://www.foundationbarnesjewish.org/events/illumination-gala/livestream
http://www.foundationbarnesjewish.org/Events/Illumination-Gala/Donors-and-Partners,,http://www.foundationbarnesjewish.org/Events/Illumination-Gala/Donors-and-Partners
https://www.foundationbarnesjewish.org/Events/Illumination-Gala/Donors-and-Partners,Donors and Partners,http://www.foundationbarnesjewish.org/Events/Illumination-Gala/Donors-and-Partners
http://www.foundationbarnesjewish.org/Events/Illumination-Gala/Donors-Partners-0,,http://www.foundationbarnesjewish.org/Events/Illumination-Gala/Donors-Partners-0
http://www.foundationbarnesjewish.org/cdn-cgi/l/email-protection#7c1a130912181d081513121a130e1e16143c1e161f52130e1b430f091e16191f0841351010091115121d08151312594e4c3b1d101d,[email protected],http://www.foundationbarnesjewish.org/Events/Illumination-Gala/Donors-Partners-0
http://www.foundationbarnesjewish.org/Events/BJC-Classic-Golf-Tournament/Partnerships,,http://www.foundationbarnesjewish.org/Events/BJC-Classic-Golf-Tournament/Partnerships
https://www.foundationbarnesjewish.org/Events/BJC-Classic-Golf-Tournament/BJC-Classic-Registration,"
                            Become a Partner
                          ",http://www.foundationbarnesjewish.org/Events/BJC-Classic-Golf-Tournament/Partnerships
http://www.foundationbarnesjewish.org/Events/BJC-Classic-Golf-Tournament/BJC-Classic-Registration,,http://www.foundationbarnesjewish.org/Events/BJC-Classic-Golf-Tournament/BJC-Classic-Registration
http://www.foundationbarnesjewish.org/cdn-cgi/l/email-protection#75331a001b1114011c1a1b131a07373f3d35171f165b1a0712,[email protected],http://www.foundationbarnesjewish.org/Events/BJC-Classic-Golf-Tournament/BJC-Classic-Registration
http://www.foundationbarnesjewish.org/Events/BJC-Classic-Golf-Tournament/Sponsors,,http://www.foundationbarnesjewish.org/Events/BJC-Classic-Golf-Tournament/Sponsors
https://www.foundationbarnesjewish.org/Events/BJC-Golf-Tournament,,http://www.foundationbarnesjewish.org/Events/BJC-Classic-Golf-Tournament/Sponsors
https://www.foundationbarnesjewish.org/Events/BJC-Classic-Golf-Tournament/Sponsors,Sponsors,http://www.foundationbarnesjewish.org/Events/BJC-Classic-Golf-Tournament/Sponsors
